Company Name ,Stock Price End of July,Market Capitalization,Volume ,Industry Name 
Reliance Industries Ltd.,2998.65,2028893,5134124,
Tata Consultancy Services Ltd.,4283.05,1549645,2811282,
HDFC Bank Ltd.,1659.15,1263856,22059619,
Bharti Airtel Ltd.,1493.8,865068,3335905,
ICICI Bank Ltd.,1196.55,842247,10735395,
State Bank of India,847.85,756673,12609331,
Infosys Ltd.,1821.2,756183,7400938,
Life Insurance Corporation of India,1179.55,746065,3057586,
Hindustan Unilever Ltd.,2692.55,632639,1738872,
ITC Ltd.,489.1,611515,21320064,
Larsen & Toubro Ltd.,3665.7,515445,2512525,
HCL Technologies Ltd.,1609.3,436710,1692851,
Oil And Natural Gas Corporation Ltd.,330.1,423625,22939377,
Bajaj Finance Ltd.,6725,416275,622218,
Sun Pharmaceutical Industries Ltd.,1731.65,415481,2992406,
NTPC Ltd.,419.7,406969,24233263,
Maruti Suzuki India Ltd.,12726.4,400121,1333355,
Tata Motors Ltd.,1096.65,364599,21967812,
Adani Enterprises Ltd.,3160.9,360343,3360209,
Axis Bank Ltd.,1160.85,358833,10581445,
Kotak Mahindra Bank Ltd.,1803.45,358548,3242589,
Adani Ports & Special Economic Zone Ltd.,1588,343030,4313297,
Mahindra & Mahindra Ltd.,2749.65,341927,3041513,
UltraTech Cement Ltd.,11764.5,339638,273420,
Power Grid Corporation of India Ltd.,358.25,333194,13771470,
Coal India Ltd.,524.5,323235,10985150,
Avenue Supermarts Ltd.,4909.7,319490,486355,
Hindustan Aeronautics Ltd.,4695.75,314040,3205399,
Titan Company Ltd.,3462.35,307383,1168195,
Adani Green Energy Ltd.,1881.4,298020,1827128,
Asian Paints Ltd.,3106.7,297994,1348780,
Adani Power Ltd.,726.35,280149,5669123,
Hindustan Zinc Ltd.,651.8,275406,1155061,
Bajaj Auto Ltd.,9616.2,268465,230615,
Wipro Ltd.,502.15,262649,7826114,
Bajaj Finserv Ltd.,1623.45,259210,1105569,
Indian Railway Finance Corporation Ltd.,192.33,251347,41362024,
Indian Oil Corporation Ltd.,177.29,250355,27097002,
Siemens Ltd.,6876.5,244886,443854,
Nestle India Ltd.,2495.1,240567,1155474,
Zomato Ltd.,262.34,231567,389060620,
Bharat Electronics Ltd.,302.95,221450,26155604,
JSW Steel Ltd.,899.55,219981,3306705,
DLF Ltd.,844.45,209028,3305561,
Jio Financial Services Ltd.,326.25,207276,7284359,
Varun Beverages Ltd.,1572.35,204319,1260817,
Tata Steel Ltd.,158.22,197514,72427529,
Trent Ltd.,5538.25,196879,560989,
Grasim Industries Ltd.,2706.8,179731,401105,
SBI Life Insurance Company Ltd.,1744.9,174765,594517,
Power Finance Corporation Ltd.,526.3,173684,11584967,
Vedanta Ltd.,434.2,169802,13093052,
InterGlobe Aviation Ltd.,4312.5,166535,675767,
LTIMindtree Ltd.,5509.9,163188,425166,
REC Ltd.,611.05,160903,12658405,
Ambuja Cements Ltd.,652.8,160793,3552731,
ABB India Ltd.,7578.8,160601,195829,
Pidilite Industries Ltd.,3134.05,159401,156599,
GAIL (India) Ltd.,237.01,155836,14930829,
HDFC Life Insurance Company Ltd.,707.4,152160,2710858,
Bharat Petroleum Corporation Ltd.,347.1,150590,15120989,
Godrej Consumer Products Ltd.,1459.15,149245,1637737,
Tech Mahindra Ltd.,1507.7,147476,2894949,
Tata Power Company Ltd.,460.35,147097,27534299,
Hindalco Industries Ltd.,648.05,145631,6717210,
Adani Energy Solutions Ltd.,1261.8,140753,9602722,
Britannia Industries Ltd.,5720.35,137785,406998,
Divi's Laboratories Ltd.,4991.25,132502,960970,
Punjab National Bank,120.26,132418,29241484,
Samvardhana Motherson International Ltd.,193.25,130954,11712560,
Eicher Motors Ltd.,4726.7,129514,2120560,
JSW Energy Ltd.,722.05,126198,1620560,
Bank of Baroda,243.7,126026,26445597,
Zydus Lifesciences Ltd.,1249.9,125769,1110657,
Cipla Ltd.,1528.8,123459,1353707,
Indian Overseas Bank,65.25,123338,15668574,
Rail Vikas Nigam Ltd.,589.8,122974,11185800,
Macrotech Developers Ltd.,1231.15,122499,1778456,
TVS Motor Company Ltd.,2569.4,122069,907741,
Tata Consumer Products Ltd.,1193.65,118110,1262150,
Cholamandalam Investment & Finance Company Ltd.,1385.1,116382,730113,
Dr. Reddy's Laboratories Ltd.,6964.15,116183,441989,
Havells India Ltd.,1819.5,114068,670205,
Indus Towers Ltd.,421.1,113484,7685638,
Shriram Finance Ltd.,2992.1,112482,1781041,
Vodafone Idea Ltd.,16.12,112356,475279605,
CG Power and Industrial Solutions Ltd.,731.65,111823,2535475,
Dabur India Ltd.,627.55,111221,4123973,
IndusInd Bank Ltd.,1404.3,109356,3268026,
Torrent Pharmaceuticals Ltd.,3228.1,109254,647028,
IDBI Bank Ltd.,100.75,108330,30175986,
Hero MotoCorp Ltd.,5274.2,105448,402666,
ICICI Prudential Life Insurance Company Ltd.,728.6,105058,1512837,
Bharat Heavy Electricals Ltd.,301.65,105036,16899884,
Bajaj Holdings & Investment Ltd.,9434.6,105001,33863,
NHPC Ltd.,103.31,103775,24854216,
GMR Airports Infrastructure Ltd.,98,103478,28298007,
United Spirits Ltd.,1421,103357,1436552,
Mazagon Dock Shipbuilders Ltd.,5095.6,102773,1146391,
Union Bank of India,133.27,101733,8343959,
Polycab India Ltd.,6751.5,101510,285579,
Canara Bank,110.49,100222,27944377,
Bosch Ltd.,33909.75,100012,28189,
Adani Total Gas Ltd.,908.9,99962,2293304,
Oil India Ltd.,606,98572,10032774,
Shree Cements Ltd.,27295.35,98484,39746,
ICICI Lombard General Insurance Company Ltd.,1983.3,97865,238801,
Jindal Steel & Power Ltd.,956.75,97597,1982275,
Cummins India Ltd.,3510.85,97321,4800901,
Suzlon Energy Ltd.,71.35,97315,131096033,
Apollo Hospitals Enterprise Ltd.,6710.15,96482,587569,
Solar Industries India Ltd.,10636.35,96248,55081,
Info Edge (India) Ltd.,7220.5,93422,1435112,
Colgate-Palmolive (India) Ltd.,3365.45,91535,335100,
Oracle Financial Services Software Ltd.,10389.6,90092,245538,
Indian Hotels Company Ltd.,628.8,89505,1814825,
Lupin Ltd.,1961.5,89448,2018905,
Max Healthcare Institute Ltd.,916.3,89058,813314,
Torrent Power Ltd.,1851.35,88979,1829423,
HDFC Asset Management Company Ltd.,4123.8,88076,809935,
Marico Ltd.,662.4,85757,959145,
Aurobindo Pharma Ltd.,1443.3,84569,1187900,
Godrej Properties Ltd.,3001.55,83460,1461740,
Hindustan Petroleum Corporation Ltd.,389.25,82825,12474802,
Indian Bank,595.95,80272,1361169,
Mankind Pharma Ltd.,2000.05,80129,578999,
YES Bank Ltd.,25.45,79759,210174985,
Tube Investments of India Ltd.,4050.2,78337,115859,
Indian Railway Catering & Tourism Corporation Ltd.,966.4,77312,1102487,
Bharat Forge Ltd.,1655.4,77074,1338199,
Muthoot Finance Ltd.,1877.65,75381,686110,
SRF Ltd.,2522.8,74782,460619,
Ashok Leyland Ltd.,250.15,73455,10065906,
General Insurance Corporation of India,409.85,71904,2493549,
Persistent Systems Ltd.,4636.35,71608,354246,
Dixon Technologies (India) Ltd.,11654.55,69735,486190,
NMDC Ltd.,235.91,69136,5617281,
Linde India Ltd.,8066.1,68791,55122,
PB Fintech Ltd.,1500.8,68442,1001534,
JSW Infrastructure Ltd.,325.9,68439,1627395,
Indian Renewable Energy Development Agency Ltd.,254.5,68404,15185550,
Prestige Estates Projects Ltd.,1695.75,67976,1919960,
SBI Cards and Payment Services Ltd.,714.55,67959,1267000,
Cochin Shipyard Ltd.,2537.9,66767,1016016,
UCO Bank,55.18,65973,7563458,
Supreme Industries Ltd.,5163,65584,79847,
PI Industries Ltd.,4278.9,64919,274124,
Oberoi Realty Ltd.,1779.35,64698,543407,
The Fertilisers and Chemicals Travancore Ltd.,996.85,64503,273573,
Berger Paints (India) Ltd.,550.25,64143,570732,
Balkrishna Industries Ltd.,3292.35,63647,167969,
Alkem Laboratories Ltd.,5295.75,63319,82865,
Schaeffler India Ltd.,4044.4,63215,178381,
Container Corporation of India Ltd.,1030.1,62763,1186188,
Phoenix Mills Ltd.,3472.35,62061,359684,
Patanjali Foods Ltd.,1705.65,61744,632168,
Housing and Urban Development Corporation Ltd.,306.2,61298,10251946,
Steel Authority of India (SAIL) Ltd.,146.23,60401,29660329,
Jindal Stainless Ltd.,729.75,60090,512580,
Abbott India Ltd.,28227.7,59982,7719,
Thermax Ltd.,4984.3,59391,280016,
MRF Ltd.,138360.35,58681,6267,
UNO Minda Ltd.,1018.4,58473,505970,
Kalyan Jewellers India Ltd.,559.75,57689,2733406,
Bank of India,126.24,57473,14492663,
Bharti Hexacom Ltd.,1148.35,57418,634889,
Astral Ltd.,2130.45,57230,210897,
FSN E-Commerce Ventures Ltd.,200.12,57174,32105685,
SJVN Ltd.,143.81,56514,11812640,
Procter & Gamble Hygiene & Healthcare Ltd.,17159.3,55700,9580,
Tata Communications Ltd.,1951.35,55613,476193,
IDFC First Bank Ltd.,74.31,55575,22069106,
Aditya Birla Capital Ltd.,211.59,55062,9200005,
Central Bank of India,62.62,54360,5993637,
Petronet LNG Ltd.,362.4,54360,1677139,
L&T Technology Services Ltd.,5100.6,53979,129670,
United Breweries Ltd.,1997.65,52819,258639,
MphasiS Ltd.,2775.3,52405,457613,
Bharat Dynamics Ltd.,1419.2,52023,797569,
Hitachi Energy India Ltd.,12039.55,51026,56046,
KPIT Technologies Ltd.,1823.95,50002,700480,
Adani Wilmar Ltd.,383.15,49797,26955054,
Voltas Ltd.,1490.75,49327,532217,
Federal Bank Ltd.,197.71,48418,5501380,
Coromandel International Ltd.,1638.95,48267,200833,
GlaxoSmithKline Pharmaceuticals Ltd.,2820.25,47777,255497,
Page Industries Ltd.,42802,47741,18905,
Honeywell Automation India Ltd.,53927.35,47680,4137,
Au Small Finance Bank Ltd.,637.6,47391,3036465,
Sundaram Finance Ltd.,4223.7,46927,101764,
Bank of Maharashtra,65.51,46390,12005955,
The New India Assurance Company Ltd.,278.95,45971,3440484,
ACC Ltd.,2435.3,45732,674689,
Gujarat Gas Ltd.,656.9,45220,563647,
Punjab & Sind Bank,66.54,45099,5203590,
GE T&D India Ltd.,1747.5,44744,498124,
3M India Ltd.,39413.25,44399,3363,
L&T Finance Ltd.,177.13,44153,9004437,
Exide Industries Ltd.,508.85,43252,3858656,
Escorts Kubota Ltd.,3905.2,43152,606891,
Tata Elxsi Ltd.,6911.05,43040,51480,
Biocon Ltd.,356.1,42753,3828727,
AIA Engineering Ltd.,4499.05,42435,17596,
Deepak Nitrite Ltd.,3095.95,42227,304664,
LIC Housing Finance Ltd.,748.6,41178,2233217,
APL Apollo Tubes Ltd.,1472.6,40868,287166,
Lloyds Metals & Energy Ltd.,781.55,40856,1297150,
Glenmark Pharmaceuticals Ltd.,1443.05,40721,492863,
Coforge Ltd.,6080,40550,248706,
Nippon Life India Asset Management Ltd.,640.35,40455,599317,
Sona BLW Precision Forgings Ltd.,689.2,40420,1217493,
UPL Ltd.,537.6,40353,6452127,
Tata Technologies Ltd.,992,40242,355341,
Jubilant Foodworks Ltd.,606.7,40033,3121946,
Motilal Oswal Financial Services Ltd.,657.35,39247,900979,
IRB Infrastructure Developers Ltd.,64.49,38946,23803383,
NLC India Ltd.,278.9,38673,3330015,
360 One Wam Ltd.,1056.3,38399,580705,
KEI Industries Ltd.,4246.2,38318,107588,
Mangalore Refinery And Petrochemicals Ltd.,217.97,38201,3043392,
Fortis Healthcare Ltd.,505.7,38178,2056545,
Max Financial Services Ltd.,1105.1,38139,336371,
Mahindra & Mahindra Financial Services Ltd.,305.45,37739,1531887,
Indraprastha Gas Ltd.,538.1,37667,571093,
Metro Brands Ltd.,1349.7,36704,157073,
Gujarat Fluorochemicals Ltd.,3325.65,36532,74729,
Endurance Technologies Ltd.,2540.85,35740,67827,
Ajanta Pharma Ltd.,2828.5,35331,312024,
Sun TV Network Ltd.,892.5,35172,921501,
Gland Pharma Ltd.,2126.65,35037,191983,
BSE Ltd.,2563.7,34706,736612,
Apar Industries Ltd.,8622.4,34635,124521,
Star Health and Allied Insurance Company Ltd.,591.25,34616,311873,
Bandhan Bank Ltd.,212.53,34238,14184491,
Apollo Tyres Ltd.,536.65,34083,2286266,
Aditya Birla Fashion and Retail Ltd.,335.5,34054,3681616,
National Aluminium Company Ltd.,185.21,34016,17401939,
Emami Ltd.,779.25,34014,2271759,
Dalmia Bharat Ltd.,1798.7,33734,133225,
One97 Communications Ltd.,527,33532,13602639,
JK Cement Ltd.,4284.6,33106,98277,
Blue Star Ltd.,1715.15,33039,136180,
Syngene International Ltd.,820.75,33038,360858,
Ipca Laboratories Ltd.,1300.3,32989,714731,
NBCC (India) Ltd.,181.8,32724,20080298,
Global Health Ltd.,1210.05,32496,99501,
Motherson Sumi Wiring India Ltd.,73.02,32283,5947130,
Timken India Ltd.,4272.25,32135,146660,
Carborundum Universal Ltd.,1665.95,31701,148129,
Crisil Ltd.,4311.35,31529,31046,
Tata Investment Corporation Ltd.,6215.8,31449,15450,
Go Digit General Insurance Ltd.,340.15,31199,288114,
Godrej Industries Ltd.,925.8,31176,348147,
ZF Commercial Vehicle Control Systems India Ltd.,16294.25,30906,13368,
Bayer Cropscience Ltd.,6874.55,30896,16355,
Delhivery Ltd.,416.1,30758,14404010,
Hindustan Copper Ltd.,310.15,29992,5220719,
J B Chemicals & Pharmaceuticals Ltd.,1927.35,29915,194311,
KPR Mill Ltd.,864.4,29546,78220,
Amara Raja Energy & Mobility Ltd.,1612.35,29510,679802,
Sundram Fasteners Ltd.,1396.05,29335,56833,
ITI Ltd.,300.85,28908,643764,
Cholamandalam Financial Holdings Ltd.,1538.15,28883,157567,
Hatsun Agro Products Ltd.,1270.55,28301,251454,
Poonawalla Fincorp Ltd.,362.5,28156,2952287,
Crompton Greaves Consumer Electricals Ltd.,437.55,28149,1544041,
Grindwell Norton Ltd.,2529.1,28002,21778,
Kaynes Technology India Ltd.,4353.4,27866,152873,
Brigade Enterprises Ltd.,1198.55,27703,241377,
Tata Chemicals Ltd.,1087,27692,944709,
Vedant Fashions Ltd.,1138.25,27647,73522,
SKF India Ltd.,5566.65,27520,22465,
TVS Holdings Ltd.,13545.25,27405,3800,
Whirlpool of India Ltd.,2131.15,27038,1420318,
Ircon International Ltd.,286,26899,7322309,
Aarti Industries Ltd.,738.4,26768,921991,
Garden Reach Shipbuilders & Engineers Ltd.,2326.6,26652,753818,
KIOCL Ltd.,437.25,26574,100871,
Jyoti CNC Automation Ltd.,1148.65,26123,173027,
EIH Ltd.,417.6,26115,784977,
Gillette India Ltd.,7981.9,26009,56172,
BASF India Ltd.,6007.2,26003,26824,
Jupiter Wagons Ltd.,611.3,25950,1541256,
Pfizer Ltd.,5658.3,25885,11383,
Dr. Lal Pathlabs Ltd.,3096.6,25851,93921,
Aegis Logistics Ltd.,735.35,25811,391255,
Castrol India Ltd.,260.1,25727,10874067,
Central Depository Services (India) Ltd.,2453.2,25636,964648,
Sumitomo Chemical India Ltd.,510.65,25489,910323,
Suven Pharmaceuticals Ltd.,1000.65,25473,1638185,
Ratnamani Metals & Tubes Ltd.,3603.35,25257,20092,
Narayana Hrudayalaya Ltd.,1230.8,25153,222713,
Century Textiles & Industries Ltd.,2251.5,25148,91136,
ICICI Securities Ltd.,762.1,24682,214452,
Emcure Pharmaceuticals Ltd.,1298.3,24551,95697,
Natco Pharma Ltd.,1367.65,24496,591168,
Alembic Pharmaceuticals Ltd.,1245.05,24473,300661,
Kansai Nerolac Paints Ltd.,302.6,24462,931771,
Laurus Labs Ltd.,447.1,24106,2113511,
CESC Ltd.,179.57,23803,10289950,
Finolex Cables Ltd.,1533.4,23452,105085,
Piramal Enterprises Ltd.,1037.65,23397,2275720,
Inox Wind Ltd.,179.38,23387,11276291,
Kajaria Ceramics Ltd.,1460.6,23261,62788,
Vinati Organics Ltd.,2234.35,23163,72481,
Piramal Pharma Ltd.,174.27,23104,3975037,
Himadri Speciality Chemical Ltd.,467.25,23059,3204417,
JBM Auto Ltd.,1947.1,23024,194042,
Atul Ltd.,7790.95,22938,82806,
Radico Khaitan Ltd.,1706.05,22821,107512,
Five-Star Business Finance Ltd.,777.55,22740,420918,
Nuvama Wealth Management Ltd.,6414.4,22708,78792,
KEC International Ltd.,882.3,22683,264603,
Swan Energy Ltd.,720.2,22575,1700314,
Multi Commodity Exchange of India Ltd.,4330.4,22084,537096,
Kalpataru Projects International Ltd.,1350.95,21946,205621,
Elgi Equipments Ltd.,688.35,21814,230204,
CIE Automotive India Ltd.,575,21813,648664,
Godfrey Phillips India Ltd.,4183.15,21750,75083,
NCC Ltd.,344.15,21607,6391652,
Computer Age Management Services Ltd.,4368.5,21502,458252,
Devyani International Ltd.,177.85,21453,2202970,
IFCI Ltd.,81.92,21411,33937915,
PNB Housing Finance Ltd.,810.55,21052,1802886,
Chambal Fertilisers & Chemicals Ltd.,525.45,21052,8034271,
Cello World Ltd.,951.25,21012,63886,
Relaxo Footwears Ltd.,843.65,21002,63798,
CreditAccess Grameen Ltd.,1311.8,20910,177011,
Bata India Ltd.,1619.2,20811,569796,
Affle (India) Ltd.,1482.95,20798,397301,
Jindal Saw Ltd.,650.4,20797,1907068,
Firstsource Solutions Ltd.,297.35,20725,7585463,
Tejas Networks Ltd.,1202.95,20575,364340,
Shyam Metalics and Energy Ltd.,726.9,20290,500008,
Angel One Ltd.,2244.75,20228,1213860,
Titagarh Rail Systems Ltd.,1498.35,20179,2356879,
Signatureglobal (India) Ltd.,1431.95,20120,482448,
PTC Industries Ltd.,13928.6,20114,6866,
V-Guard Industries Ltd.,460.2,20021,507381,
Aditya Birla Sun Life AMC Ltd.,686,19764,211759,
Cyient Ltd.,1770,19628,311067,
The Ramco Cements Ltd.,827.75,19559,1755087,
Trident Ltd.,38.21,19472,11198818,
Gujarat State Petronet Ltd.,342.45,19321,1406968,
Triveni Turbine Ltd.,607.7,19317,375122,
R R Kabel Ltd.,1711.15,19305,180044,
Finolex Industries Ltd.,310.45,19263,308812,
Blue Dart Express Ltd.,8114.85,19255,6365,
Schneider Electric Infrastructure Ltd.,804.75,19242,392852,
Tata Teleservices (Maharashtra) Ltd.,97.99,19156,31794638,
HFCL Ltd.,132.77,19154,47960008,
IIFL Finance Ltd.,450.55,19112,1875542,
Jyothy Labs Ltd.,518.65,19045,411629,
Great Eastern Shipping Company Ltd.,1333.35,19036,843618,
TBO Tek Ltd.,1737.7,18869,20079,
Aster DM Healthcare Ltd.,372.15,18589,3236015,
Bikaji Foods International Ltd.,739.25,18510,3993303,
BEML Ltd.,4439.15,18487,250780,
Sonata Software Ltd.,657.35,18434,1720390,
Techno Electric & Engineering Company Ltd.,1710.45,18408,351710,
Mahanagar Gas Ltd.,1845.85,18233,528477,
Aadhar Housing Finance Ltd.,427.15,18219,436277,
Welspun Living Ltd.,185.07,17985,3012308,
Chalet Hotels Ltd.,822.7,17943,46544,
Navin Fluorine International Ltd.,3606.2,17879,266577,
Authum Investment & Infrastructure Ltd.,1049.9,17832,34079,
Kirloskar Brothers Ltd.,2245.3,17830,170110,
Anant Raj Ltd.,521.5,17830,1185201,
Manappuram Finance Ltd.,209.7,17750,4357379,
Poly Medicure Ltd.,1848.9,17744,323894,
Data Patterns (India) Ltd.,3162.55,17705,241619,
Capri Global Capital Ltd.,214.03,17656,613133,
Karur Vysya Bank Ltd.,219.27,17644,1435866,
AstraZeneca Pharma India Ltd.,7039.8,17600,9235,
Clean Science & Technology Ltd.,1649.8,17531,1151372,
Sobha Ltd.,1731.7,17473,354620,
IDFC Ltd.,108.95,17432,7541895,
Indian Energy Exchange Ltd.,195.32,17417,33779275,
Rites Ltd.,722.6,17364,1604774,
Zensar Technologies Ltd.,762.4,17281,1352152,
Welspun Corp Ltd.,652.5,17113,838057,
Kirloskar Oil Engines Ltd.,1178.6,17099,237094,
Krishna Institute of Medical Sciences Ltd.,2125.85,17013,13219,
Fine Organic Industries Ltd.,5461,16743,32169,
HBL Power Systems Ltd.,603.7,16734,1212245,
IndiaMART InterMESH Ltd.,2788.75,16727,431280,
Birlasoft Ltd.,605.35,16726,8573646,
NMDC Steel Ltd.,57.01,16707,4313911,
Jai Balaji Industries Ltd.,911.2,16625,75369,
Concord Biotech Ltd.,1579.3,16522,75538,
DCM Shriram Ltd.,1058.85,16512,135342,
KSB Ltd.,947.6,16492,136062,
Lakshmi Machine Works Ltd.,15240.55,16281,5147,
G R Infraprojects Ltd.,1680.55,16249,150202,
Railtel Corporation of India Ltd.,501.6,16098,5675727,
MMTC Ltd.,107.23,16085,11195465,
Supreme Petrochem Ltd.,854.45,16067,64265,
Ramkrishna Forgings Ltd.,887.2,16038,5200543,
Action Construction Equipment Ltd.,1343.55,15999,261185,
Godrej Agrovet Ltd.,826.2,15885,757714,
Century Plyboards (India) Ltd.,713.2,15845,144021,
Redington Ltd.,202.53,15833,878390,
Aptus Value Housing Finance India Ltd.,316.6,15798,711060,
Granules India Ltd.,646.1,15659,4020175,
Asahi India Glass Ltd.,641.25,15588,70703,
Anand Rathi Wealth Ltd.,3712.25,15410,20394,
Sterling and Wilson Renewable Energy Ltd.,658.6,15368,730037,
Bombay Burmah Trading Corporation Ltd.,2196.55,15326,36472,
Eris Lifesciences Ltd.,1121,15254,339441,
Vardhman Textiles Ltd.,526.45,15224,162973,
Godawari Power & Ispat Ltd.,1117.35,15190,243002,
Sanofi India Ltd.,6567,15124,6636,
Chennai Petroleum Corporation Ltd.,1002.65,14931,456511,
Amber Enterprises India Ltd.,4389.5,14810,699150,
Honasa Consumer Ltd.,455.15,14758,179736,
BLS International Services Ltd.,357.6,14724,981477,
KFIN Technologies Ltd.,858.05,14703,713048,
PVR INOX Ltd.,1470.85,14434,206704,
Zydus Wellness Ltd.,2261.1,14388,311907,
Zen Technologies Ltd.,1709.5,14367,687925,
Newgen Software Technologies Ltd.,1021.25,14327,120512,
Engineers India Ltd.,253.6,14253,2584519,
PCBL Ltd.,376.9,14227,35128581,
Neuland Laboratories Ltd.,11077.75,14213,449228,
Akzo Nobel India Ltd.,3117.5,14197,45104,
DOMS Industries Ltd.,2308.55,14010,146675,
Indegene Ltd.,580,13878,837008,
Reliance Power Ltd.,34.54,13875,99408426,
Wockhardt Ltd.,899.45,13798,249835,
Voltamp Transformers Ltd.,13627,13787,14969,
Olectra Greentech Ltd.,1677.55,13769,356505,
RBL Bank Ltd.,226.9,13760,5849428,
Zee Entertainment Enterprises Ltd.,142.66,13703,13396158,
Elecon Engineering Company Ltd.,608.4,13652,721180,
EID Parry (India) Ltd.,767.3,13621,879835,
TTK Prestige Ltd.,979.15,13572,651009,
Jaiprakash Power Ventures Ltd.,19.79,13563,62121631,
Jubilant Pharmova Ltd.,851.4,13561,1115086,
Ingersoll-Rand (India) Ltd.,4289.95,13543,15439,
NAVA Ltd.,923.15,13395,338689,
Electrosteel Castings Ltd.,215.03,13293,3602682,
Aavas Financiers Ltd.,1673.4,13243,270782,
Netweb Technologies India Ltd.,2346.05,13224,361723,
Shipping Corporation of India Ltd.,283.75,13217,3699944,
UTI Asset Management Company Ltd.,1035.55,13190,158550,
Tanla Platforms Ltd.,980.4,13182,842885,
Raymond Ltd.,1979.9,13181,428631,
Intellect Design Arena Ltd.,946.15,13045,127858,
Alok Industries Ltd.,26.19,13004,6125501,
Jammu & Kashmir Bank Ltd.,116.96,12879,58317725,
Craftsman Automation Ltd.,5348.6,12759,49440,
Praj Industries Ltd.,691.15,12704,430836,
Tega Industries Ltd.,1901.6,12652,15082,
Westlife Foodworld Ltd.,810.35,12636,99019,
Gujarat Mineral Development Corporation Ltd.,395.35,12572,875410,
Minda Corporation Ltd.,522.95,12503,986136,
Caplin Point Laboratories Ltd.,1639.35,12461,330143,
PNC Infratech Ltd.,484.75,12436,380406,
RHI Magnesita India Ltd.,599.1,12372,249240,
City Union Bank Ltd.,166.92,12363,6569213,
C.E. Info Systems Ltd.,2276.35,12309,73770,
Happiest Minds Technologies Ltd.,806,12273,392389,
KPI Green Energy Ltd.,1010.1,12178,738693,
Deepak Fertilisers & Petrochemicals Corporation Ltd.,961.7,12140,3153233,
Nuvoco Vistas Corporation Ltd.,338,12072,368004,
Rainbow Childrens Medicare Ltd.,1188.7,12071,89404,
Aether Industries Ltd.,905.7,12005,63184,
eClerx Services Ltd.,2439.95,11962,32620,
Happy Forgings Ltd.,1269.35,11958,45648,
Force Motors Ltd.,9051.95,11927,27828,
Inox India Ltd.,1292.75,11733,190864,
Rashtriya Chemicals & Fertilizers Ltd.,211.84,11687,4700474,
Cera Sanitaryware Ltd.,8938.9,11626,5598,
Lemon Tree Hotels Ltd.,146.74,11625,2379079,
Birla Corporation Ltd.,1509.55,11624,127887,
HMT Ltd.,96.42,11610,162891,
Genus Power Infrastructures Ltd.,380.25,11550,4992735,
India Cements Ltd.,372.05,11530,5880176,
Valor Estate Ltd.,213.69,11506,6808804,
Puravankara Ltd.,484.75,11496,165201,
Gravita India Ltd.,1664.1,11489,203252,
Bajaj Electricals Ltd.,995.9,11476,26525,
PG Electroplast Ltd.,434.4,11337,696801,
Usha Martin Ltd.,369.95,11274,721449,
JK Tyre & Industries Ltd.,431.1,11240,636112,
Can Fin Homes Ltd.,836.6,11140,442892,
Gujarat Pipavav Port Ltd.,227.24,10986,2560198,
Alkyl Amines Chemicals Ltd.,2137.15,10927,86745,
KNR Constructions Ltd.,388.4,10923,1438239,
Transformers & Rectifiers (India) Ltd.,725.4,10887,73710,
Sheela Foam Ltd.,998.3,10851,73529,
Glenmark Life Sciences Ltd.,884,10831,199931,
Ceat Ltd.,2675.5,10822,116138,
ISGEC Heavy Engineering Ltd.,1460.2,10737,287345,
Sapphire Foods India Ltd.,1678.15,10701,92942,
LT Foods Ltd.,307.85,10690,1941722,
Metropolis Healthcare Ltd.,2083.85,10678,73745,
RattanIndia Enterprises Ltd.,76.92,10632,1908632,
Vesuvius India Ltd.,5195.4,10545,20766,
Latent View Analytics Ltd.,509.35,10492,344268,
Safari Industries (India) Ltd.,2147.45,10473,316677,
Galaxy Surfactants Ltd.,2942.9,10434,19366,
Texmaco Rail & Engineering Ltd.,261.05,10428,2799552,
Thomas Cook (India) Ltd.,221.55,10421,3377896,
HG Infra Engineering Ltd.,1594.6,10392,101942,
Ion Exchange (India) Ltd.,706.95,10369,392015,
Just Dial Ltd.,1218.25,10360,369379,
Shree Renuka Sugars Ltd.,48.64,10353,14981482,
Inox Wind Energy Ltd.,8564,10318,10840,
Quess Corp Ltd.,692,10285,221948,
Maharashtra Scooters Ltd.,8939.05,10216,6806,
Jubilant Ingrevia Ltd.,640.2,10197,2988641,
Route Mobile Ltd.,1605.7,10082,67853,
Saregama India Ltd.,520.45,10035,1071133,
Graphite India Ltd.,512.6,10015,1151980,
Gujarat Narmada Valley Fertilizers & Chemicals Ltd.,679.45,9984,1761783,
JK Lakshmi Cement Ltd.,848.25,9981,281117,
Strides Pharma Science Ltd.,1080.8,9939,348677,
JM Financial Ltd.,103.31,9874,2705045,
Lloyds Engineering Works Ltd.,85.63,9801,6657654,
Redtape Ltd.,708,9785,255087,
Network18 Media & Investments Ltd.,93.28,9766,3908017,
Balrampur Chini Mills Ltd.,481.7,9718,2985921,
Varroc Engineering Ltd.,634.8,9699,126057,
MOIL Ltd.,474.35,9652,1088488,
Esab India Ltd.,6253.6,9626,2839,
Sammaan Capital Ltd.,166.35,9624,4253405,
Power Mech Projects Ltd.,6051.15,9566,57150,
Avanti Feeds Ltd.,700.25,9541,909157,
Archean Chemical Industries Ltd.,771.45,9519,569218,
Azad Engineering Ltd.,1609.8,9516,82966,
Campus Activewear Ltd.,310.35,9475,724235,
RateGain Travel Technologies Ltd.,801.75,9453,145694,
Sandur Manganese & Iron Ores Ltd.,583.15,9449,202473,
Aurionpro Solutions Ltd.,1710.5,9444,192479,
Gujarat State Fertilizer & Chemicals Ltd.,236.9,9440,1321150,
Black Box Ltd.,558.9,9394,400811,
Shakti Pumps (India) Ltd.,4686.75,9390,177874,
Juniper Hotels Ltd.,420.4,9354,187807,
Marksans Pharma Ltd.,205.47,9311,2056993,
RattanIndia Power Ltd.,17.31,9296,33754972,
Mahindra Lifespace Developers Ltd.,599,9287,127185,
Equitas Small Finance Bank Ltd.,81.59,9274,9571250,
Prudent Corporate Advisory Services Ltd.,2222.2,9201,36902,
Sarda Energy & Minerals Ltd.,259.4,9141,497337,
Home First Finance Company India Ltd.,1026.1,9135,180512,
Ahluwalia Contracts (India) Ltd.,1357.05,9091,44053,
CMS Info Systems Ltd.,556.7,9061,875032,
Keystone Realtors Ltd.,718,9048,25881,
Mahindra Holidays & Resorts India Ltd.,446.95,9026,180111,
Rajesh Exports Ltd.,304.7,8997,331530,
Infibeam Avenues Ltd.,32.31,8989,71375357,
Kirloskar Pneumatic Company Ltd.,1382.7,8961,135114,
ITD Cementation India Ltd.,520.4,8940,736218,
Mishra Dhatu Nigam Ltd.,475.6,8910,512157,
SBFC Finance Ltd.,82.6,8872,1398736,
Mastek Ltd.,2874.3,8869,115423,
Jupiter Life Line Hospitals Ltd.,1347.55,8835,87675,
Blue Jet Healthcare Ltd,507.45,8803,681526,
Procter & Gamble Health Ltd.,5299.9,8798,4302,
Hindustan Construction Company Ltd.,52.33,8790,33169596,
Syrma SGS Technology Ltd.,491.5,8728,929863,
Karnataka Bank Ltd.,230.75,8711,1598833,
Triveni Engineering & Industries Ltd.,397.9,8710,1042158,
Chemplast Sanmar Ltd.,550.05,8697,112878,
CCL Products India Ltd.,649.7,8675,188391,
Anupam Rasayan India Ltd.,789.1,8667,212391,
Ujjivan Small Finance Bank Ltd.,44.78,8660,9600872,
Shriram Pistons & Rings Ltd.,1947.1,8577,188621,
Maharashtra Seamless Ltd.,639.2,8565,434166,
Symphony Ltd.,1241.5,8561,283503,
Reliance Infrastructure Ltd.,215.72,8545,8524605,
Sunteck Realty Ltd.,582.95,8539,221253,
Equinox India Developments Ltd.,132.54,8436,4626513,
JK Paper Ltd.,497.45,8427,622903,
Diamond Power Infrastructure Ltd.,1597.95,8421,35241,
Allied Blenders & Distillers Ltd.,301.05,8421,484277,
Star Cement Ltd.,206.87,8361,290727,
Astra Microwave Products Ltd.,879.05,8346,210384,
TVS Supply Chain Solutions Ltd.,188.71,8308,861471,
HEG Ltd.,2151.3,8303,121387,
Dhanuka Agritech Ltd.,1821.45,8302,436654,
FDC Ltd.,508.55,8280,138502,
Electronics Mart India Ltd.,215.18,8279,315844,
Prism Johnson Ltd.,163.97,8254,202516,
Va Tech Wabag Ltd.,1320.95,8215,260155,
Mrs. Bectors Food Specialities Ltd.,1394.9,8204,333785,
Shoppers Stop Ltd.,737.25,8108,132275,
Max Estates Ltd.,549.45,8099,92338,
Religare Enterprises Ltd.,244.35,8071,552626,
Vijaya Diagnostic Centre Ltd.,786.25,8069,57993,
Medplus Health Services Ltd.,673.4,8050,37055,
Technocraft Industries (India) Ltd.,3475.95,7981,18848,
Tips Industries Ltd.,618.7,7909,337395,
Balaji Amines Ltd.,2439.65,7905,66008,
IFB Industries Ltd.,1948.05,7893,227459,
Choice International Ltd.,395.3,7881,430803,
India Shelter Finance Corporation Ltd.,734.8,7878,52927,
Transport Corporation of India Ltd.,1005.3,7829,40063,
ASK Automotive Ltd.,396.75,7822,261521,
TV18 Broadcast Ltd.,45.58,7814,8977274,
Sansera Engineering Ltd.,1436.15,7755,254933,
PDS Ltd.,585.4,7751,252891,
Welspun Enterprises Ltd.,559.2,7738,365889,
Senco Gold Ltd.,987.3,7672,223863,
JSW Holdings Ltd.,6879.85,7636,1788,
Epigral Ltd.,1829.55,7602,279674,
Responsive Industries Ltd.,283.3,7553,246777,
Indo Count Industries Ltd.,381.05,7547,252801,
Dilip Buildcon Ltd.,514.9,7529,365431,
Time Technoplast Ltd.,331.6,7525,943081,
Gallantt Ispat Ltd.,311.7,7521,21107,
Nazara Technologies Ltd.,981.4,7512,4981923,
Ethos Ltd.,3046.6,7458,24075,
Greenlam Industries Ltd.,582.85,7436,27359,
Jindal Worldwide Ltd.,370.1,7421,97006,
Ganesh Housing Corporation Ltd.,888.7,7411,57079,
Garware Technical Fibres Ltd.,3728.25,7402,4720,
Sun Pharma Advanced Research Company Ltd.,226.24,7342,490633,
Dodla Dairy Ltd.,1215.65,7334,51093,
Orient Cement Ltd.,355.55,7284,6147437,
Man Infraconstruction Ltd.,195.72,7266,588497,
Easy Trip Planners Ltd.,40.89,7246,21626612,
Sharda Motor Industries Ltd.,2426.7,7215,31638,
Borosil Renewables Ltd.,551.5,7199,1051322,
Orchid Pharma Ltd.,1417.7,7190,97221,
Paradeep Phosphates Ltd.,88.08,7177,6981103,
Suprajit Engineering Ltd.,516.95,7158,125889,
eMudhra Ltd.,864.15,7156,236728,
Gabriel India Ltd.,497.2,7142,327630,
Tamilnad Mercantile Bank Ltd.,450.9,7140,158974,
Ashoka Buildcon Ltd.,252.6,7091,754977,
Indigo Paints Ltd.,1481,7053,63570,
EPL Ltd.,220.7,7027,621467,
Prince Pipes & Fittings Ltd.,634.6,7016,159698,
National Fertilizers Ltd.,142.23,6977,5172219,
Laxmi Organic Industries Ltd.,252.4,6946,471239,
South Indian Bank Ltd.,26.33,6888,17854887,
LE Travenues Technology Ltd.,176.66,6844,2725884,
Shilpa Medicare Ltd.,699.7,6842,301529,
Rolex Rings Ltd.,2495.6,6796,12391,
Gokaldas Exports Ltd.,951.75,6796,81163,
Sudarshan Chemical Industries Ltd.,976.3,6759,217031,
V-Mart Retail Ltd.,3412.4,6749,8198,
KRBL Ltd.,294.3,6736,1031307,
Sterlite Technologies Ltd.,137.94,6727,3699391,
Arvind Fashions Ltd.,503.9,6714,519602,
Jana Small Finance Bank Ltd.,640.95,6704,35236,
India Tourism Development Corporation Ltd.,781.1,6699,150237,
Hindustan Foods Ltd.,584.15,6693,40816,
Kesoram Industries Ltd.,213.91,6645,181262,
VST Industries Ltd.,4282.25,6613,40154,
Rallis India Ltd.,339.6,6604,547243,
Jai Corp Ltd.,369.65,6596,544004,
IIFL Securities Ltd.,212.28,6550,2078741,
GMM Pfaudler Ltd.,1451.1,6524,44702,
Surya Roshni Ltd.,598.85,6517,144805,
SIS Ltd.,450.95,6501,162382,
TD Power Systems Ltd.,415.35,6487,800316,
NIIT Learning Systems Ltd.,476.7,6469,121788,
VIP Industries Ltd.,454.85,6458,519498,
PTC India Ltd.,217.81,6447,1960235,
TARC Ltd.,218.05,6435,429694,
Sundaram Finance Holdings Ltd.,289.15,6422,319558,
J Kumar Infraprojects Ltd.,842.85,6377,147623,
MSTC Ltd.,905.75,6376,271829,
Gujarat Ambuja Exports Ltd.,137.6,6311,456793,
Pricol Ltd.,517.2,6304,508634,
Allcargo Logistics Ltd.,64.07,6297,1917934,
Lux Industries Ltd.,2079.2,6253,226286,
Edelweiss Financial Services Ltd.,65.98,6228,8284505,
Nesco Ltd.,883.7,6227,169573,
Cyient DLM Ltd.,784.6,6222,186225,
Share India Securities Ltd.,299.55,6164,619821,
Privi Speciality Chemicals Ltd.,1548.15,6158,14473,
Go Fashion (India) Ltd.,1127.35,6089,176490,
DB Corp Ltd.,338.8,6036,144875,
GHCL Ltd.,628.45,6018,8916525,
Hemisphere Properties India Ltd.,210.12,5988,896183,
Gulf Oil Lubricants India Ltd.,1209.95,5952,122859,
Paisalo Digital Ltd.,66.15,5941,1192010,
Bansal Wire Industries Ltd.,375.55,5879,676581,
Aarti Pharmalabs Ltd.,647.75,5870,586136,
CSB Bank Ltd.,338.3,5869,258175,
Orient Electric Ltd.,274.3,5853,559283,
Garware Hi-Tech Films Ltd.,2514.55,5842,88094,
Gujarat Alkalies & Chemicals Ltd.,786.15,5773,70691,
Kirloskar Industries Ltd.,5773.6,5748,2779,
MTAR Technologies Ltd.,1864.2,5734,100466,
Rain Industries Ltd.,170.3,5728,2196744,
Kaveri Seed Company Ltd.,1109,5705,185384,
GMR Power and Urban Infra Ltd.,93.99,5673,2244408,
R Systems International Ltd.,475.25,5622,32448,
Pilani Investment and Industries Corporation Ltd.,5054,5596,4649,
Jamna Auto Industries Ltd.,139.72,5574,2746189,
Restaurant Brands Asia Ltd.,111.6,5558,5497018,
Bharat Bijlee Ltd.,4870.75,5505,38980,
Utkarsh Small Finance Bank Ltd.,50.02,5505,1504200,
ICRA Ltd.,5655.45,5458,17655,
Ami Organics Ltd.,1333.15,5453,174984,
Bajaj Hindusthan Sugar Ltd.,42.63,5445,18210491,
Vaibhav Global Ltd.,326.2,5416,1043871,
Entero Healthcare Solutions Ltd.,1245,5415,67926,
Exicom Tele-Systems Ltd.,443.95,5364,153183,
NOCIL Ltd.,318.2,5304,2270484,
Inox Green Energy Services Ltd.,179.92,5283,4498912,
TeamLease Services Ltd.,3149.25,5281,87107,
Heritage Foods Ltd.,568.95,5280,477532,
Mas Financial Services Ltd.,289.3,5249,142119,
Johnson Controls-Hitachi Air Conditioning India Ltd.,1925.9,5237,62701,
Banco Products (India) Ltd.,728,5207,204595,
Ramky Infrastructure Ltd.,751.65,5201,193124,
Harsha Engineers International Ltd.,570.2,5191,481871,
Balu Forge Industries Ltd.,491.55,5158,651675,
Heidelberg Cement India Ltd.,227.41,5153,228588,
Healthcare Global Enterprises Ltd.,362.75,5055,145278,
JTEKT India Ltd.,197.71,5027,427033,
Rossari Biotech Ltd.,908.55,5023,1801719,
Sharda Cropchem Ltd.,556,5016,168177,
VRL Logistics Ltd.,570.15,4987,39762,
AGI Greenpac Ltd.,767.6,4966,183223,
Sanghvi Movers Ltd.,1137.2,4923,225535,
Jayaswal Neco Industries Ltd.,50.31,4885,950950,
Paras Defence and Space Technologies Ltd.,1250.2,4876,96977,
Balmer Lawrie & Company Ltd.,283.65,4851,492991,
Advanced Enzyme Technologies Ltd.,433.15,4844,1013954,
Tilaknagar Industries Ltd.,250.4,4828,346907,
Avantel Ltd.,198,4817,416358,
Jain Irrigation Systems Ltd.,70.02,4809,4257609,
Patel Engineering Ltd.,56.93,4807,7254876,
Thangamayil Jewellery Ltd.,1736.4,4765,26049,
Shanthi Gears Ltd.,620.95,4764,39363,
Dynamatic Technologies Ltd.,7005.55,4758,14518,
Wonderla Holidays Ltd.,838.2,4742,131245,
Mahanagar Telephone Nigam Ltd.,75.09,4731,920630,
Aarti Drugs Ltd.,511.4,4702,116907,
Sunflag Iron & Steel Company Ltd.,258.55,4660,578511,
Greenply Industries Ltd.,375.9,4652,678785,
Awfis Space Solutions Ltd,670,4651,119527,
Spandana Sphoorty Financial Ltd.,651.35,4644,232175,
Fedbank Financial Services Ltd.,125.12,4640,336679,
Styrenix Performance Materials Ltd.,2633.8,4632,43634,
Bombay Dyeing & Manufacturing Company Ltd.,223.73,4621,2166257,
Shipping Corporation of India Land And Assets Ltd.,98.93,4608,3465253,
TCI Express Ltd.,1184.65,4545,28678,
Borosil Ltd.,379.65,4532,189460,
Tide Water Oil Company India Ltd.,2595.4,4522,54725,
EMS Ltd.,814.25,4522,744933,
Pearl Global Industries Ltd.,986.45,4502,100109,
Bharat Rasayan Ltd.,10789.4,4483,7111,
Subros Ltd.,686.2,4476,54674,
Imagicaaworld Entertainment Ltd.,82.45,4471,1785596,
Bhagiradha Chemicals & Industries Ltd.,356.7,4439,144349,
PC Jeweller Ltd.,95.03,4423,7183860,
Gopal Snacks Ltd.,354.8,4421,418077,
Venus Pipes & Tubes Ltd.,2177.2,4419,41702,
Fusion Micro Finance Ltd.,435.85,4403,223120,
Greenpanel Industries Ltd.,355.2,4356,373081,
Savita Oil Technologies Ltd.,628.75,4345,84935,
The Orissa Minerals Development Company Ltd.,7206.35,4324,15092,
Neogen Chemicals Ltd.,1631.3,4304,19203,
Thyrocare Technologies Ltd.,810.8,4293,166794,
Zaggle Prepaid Ocean Services Ltd.,349.4,4284,3190429,
Fineotex Chemical Ltd.,373.65,4280,217509,
Prime Focus Ltd.,142.72,4280,52903,
LG Balakrishnan & Bros Ltd.,1361.45,4274,47201,
KDDL Ltd.,3408.9,4274,7549,
Skipper Ltd.,401.5,4225,965840,
CarTrade Tech Ltd.,892.85,4219,449727,
Uflex Ltd.,584.15,4218,98499,
DCX Systems Ltd.,376.05,4189,308750,
JNK India Ltd.,751.65,4181,20231,
Manorama Industries Ltd.,701.25,4179,41274,
West Coast Paper Mills Ltd.,630.75,4166,179049,
Sula Vineyards Ltd.,491.8,4151,151665,
Hikal Ltd.,335.7,4139,377482,
Honda India Power Products Ltd.,4041.35,4099,8172,
Medi Assist Healthcare Services Ltd.,582.65,4097,127741,
Kewal Kiran Clothing Ltd.,664.2,4093,32561,
Unichem Laboratories Ltd.,580.5,4087,38298,
Hathway Cable & Datacom Ltd.,23.07,4084,6545602,
Muthoot Microfin Ltd.,239.17,4078,150291,
Optiemus Infracom Ltd.,473.4,4064,937445,
Nucleus Software Exports Ltd.,1503.15,4024,51077,
JTL Industries Ltd.,208.77,4001,1026210,
Apeejay Surrendra Park Hotels Ltd.,187.19,3994,160105,
Sandhar Technologies Ltd.,661.15,3980,213196,
Ganesha Ecosphere Ltd.,1568,3974,38238,
Bannari Amman Sugars Ltd.,3159.95,3962,2313,
Samhi Hotels Ltd.,179.36,3947,914501,
HPL Electric & Power Ltd.,607.3,3905,873116,
DCB Bank Ltd.,124.53,3901,1166925,
Shaily Engineering Plastics Ltd.,846.3,3882,100819,
India Glycols Ltd.,1251.5,3875,707247,
Ashiana Housing Ltd.,384.5,3865,100493,
Yatharth Hospital & Trauma Care Services Ltd.,448.55,3851,76871,
Greaves Cotton Ltd.,165.3,3843,2805782,
Sundaram-Clayton Ltd.,1899.4,3843,9487,
Kalyani Steels Ltd.,880.1,3842,62524,
ISMT Ltd.,127.3,3825,1097834,
Pitti Engineering Ltd.,1187.05,3805,157022,
Seamec Ltd.,1492.25,3794,101415,
Indian Metals & Ferro Alloys Ltd.,703.15,3794,63937,
TCNS Clothing Co. Ltd.,598,3786,94960,
Lumax Auto Technologies Ltd.,554.9,3782,77161,
Hindustan Oil Exploration Company Ltd.,285.8,3780,5190490,
Alembic Ltd.,146.8,3770,3411332,
Navneet Education Ltd.,166.62,3769,1427370,
Bajaj Consumer Care Ltd.,263.4,3761,298875,
Gensol Engineering Ltd.,1002.9,3758,296768,
Marine Electricals (India) Ltd.,282.85,3752,741553,
Cigniti Technologies Ltd.,1367.1,3732,69952,
Hinduja Global Solutions Ltd.,799.9,3721,346259,
Mahindra Logistics Ltd.,514.55,3707,108688,
Ujaas Energy Ltd.,351,3696,454,
GTL Infrastructure Ltd.,2.88,3688,518847503,
Shivalik Bimetal Controls Ltd.,638.3,3677,156428,
Bhansali Engineering Polymers Ltd.,146.76,3652,1637525,
Artemis Medicare Services Ltd.,265.4,3652,185641,
Swaraj Engines Ltd.,3004.4,3650,13757,
Steel Strips Wheels Ltd.,231.75,3637,300931,
Premier Explosives Ltd.,675.9,3634,113878,
VST Tillers Tractors Ltd.,4192.9,3622,2565,
Polyplex Corporation Ltd.,1148.9,3607,177588,
Jindal Poly Films Ltd.,820.7,3594,56855,
Apollo Micro Systems Ltd.,117.1,3589,2658577,
Delta Corp Ltd.,133.87,3585,1235698,
The Anup Engineering Ltd.,1792.85,3570,30409,
PTC India Financial Services Ltd.,55.47,3563,2836426,
Gujarat Industries Power Company Ltd.,235.41,3561,338699,
Innova Captab Ltd.,620.8,3553,122785,
FIEM Industries Ltd.,1349.1,3551,100156,
La Opala RG Ltd.,317.6,3525,287861,
Kingfa Science & Technology (India) Ltd.,2908.45,3522,52545,
Gufic BioSciences Ltd.,348.2,3492,38239,
MPS Ltd.,2040.55,3491,15632,
V2 Retail Ltd.,1008.95,3490,150454,
Sequent Scientific Ltd.,139.32,3477,860242,
Arvind SmartSpaces Ltd.,764.85,3477,74907,
Vindhya Telelinks Ltd.,2918.9,3459,52997,
Vishnu Prakash R Punglia Ltd.,277,3453,2783321,
Datamatics Global Services Ltd.,583.3,3443,258365,
Thirumalai Chemicals Ltd.,335.5,3435,527033,
Prakash Industries Ltd.,190.43,3410,878260,
Supriya Lifescience Ltd.,422.3,3399,1306675,
Flair Writing Industries Ltd,322.15,3395,99460,
Avalon Technologies Ltd.,514.55,3388,46310,
TVS Srichakra Ltd.,4412.9,3379,35725,
Stanley Lifestyles Ltd.,587.95,3352,210271,
Ashapura Minechem Ltd.,361.55,3308,162425,
Indostar Capital Finance Ltd.,242.85,3305,119801,
GE Power India Ltd.,491.35,3303,64227,
Bajel Projects Ltd.,284.55,3282,327049,
Thejo Engineering Ltd.,3015.9,3270,22837,
Dhani Services Ltd.,53.18,3255,4006218,
RPG Life Sciences Ltd.,1961.05,3243,31187,
Stylam Industries Ltd.,1908.1,3234,19366,
Dalmia Bharat Sugar and Industries Ltd.,396.35,3208,93745,
Morepen Laboratories Ltd.,62.69,3205,22845353,
Foseco India Ltd.,5003.15,3195,52918,
Refex Industries Ltd.,264.1,3188,715911,
SEPC Ltd.,20.36,3184,14890532,
Sagar Cements Ltd.,243.5,3183,77406,
Suraj Estate Developers Ltd.,715.95,3176,108592,
Quick Heal Technologies Ltd.,591.7,3170,143038,
Hindware Home Innovation Ltd.,437.3,3162,85615,
ideaForge Technology Ltd.,735.25,3161,519009,
NRB Bearings Ltd.,325.95,3159,99396,
Jash Engineering Ltd.,2524.45,3159,16962,
Repco Home Finance Ltd.,504.65,3157,795893,
Dredging Corporation Of India Ltd.,1127.1,3156,22100,
Vadilal Industries Ltd.,4382.2,3150,7832,
SML Isuzu Ltd.,2157.25,3122,255965,
Automotive Axles Ltd.,2065.1,3121,20663,
Salasar Techno Engineering Ltd.,17.99,3106,2266062,
Maithan Alloys Ltd.,1066.5,3105,37769,
Suven Life Sciences Ltd.,142.35,3104,326718,
Saksoft Ltd.,291.45,3091,126919,
KCP Ltd.,238.61,3076,706694,
SJS Enterprises Ltd.,991.05,3076,3131764,
Somany Ceramics Ltd.,748.2,3068,109622,
Wendt (India) Ltd.,15324.3,3065,211,
Dishman Carbogen Amcis Ltd.,195.29,3062,3362691,
Shalby Ltd.,283,3057,130495,
Marathon Nextgen Realty Ltd.,596.45,3054,55478,
Rajratan Global Wire Ltd.,600.65,3050,53349,
Huhtamaki India Ltd.,400.85,3027,573876,
Eveready Industries India Ltd.,415,3017,476118,
Indoco Remedies Ltd.,325.75,3003,84644,
BF Utilities Ltd.,793.25,2988,101856,
HLE Glascoat Ltd.,436.55,2980,44392,
Goodluck India Ltd.,902.6,2955,61623,
Confidence Petroleum India Ltd.,88.58,2943,1560585,
Dish TV India Ltd.,15.98,2942,14087038,
CARE Ratings Ltd.,979.55,2928,72552,
Vishnu Chemicals Ltd.,444.95,2916,105445,
TCPL Packaging Ltd.,3199.05,2911,36762,
Gokul Agro Resources Ltd.,196.01,2892,781183,
PSP Projects Ltd.,726.75,2881,661939,
Kolte-Patil Developers Ltd.,379,2881,174428,
Abans Holdings Ltd.,571.75,2867,622574,
Man Industries (India) Ltd.,442.25,2863,155359,
Genesys International Corporation Ltd.,721.2,2856,199380,
Sindhu Trade Links Ltd.,18.49,2851,611447,
D P Abhushan Ltd.,1260.4,2850,14066,
Vertoz Advertising Ltd.,33.43,2849,2517296,
Unitech Ltd.,10.88,2847,2919837,
Dollar Industries Ltd.,501.65,2845,81345,
Universal Cables Ltd.,819.2,2842,94376,
M M Forgings Ltd.,588.35,2841,86104,
EIH Associated Hotels Ltd.,930.6,2835,26508,
Globus Spirits Ltd.,980.1,2825,255450,
RPSG Ventures Ltd.,846.95,2802,343822,
Fino Payments Bank Ltd.,335.85,2795,1013535,
Nilkamal Ltd.,1870.7,2792,21346,
Servotech Power Systems Ltd.,125.98,2789,2719042,
Dolphin Offshore Enterprises (India) Ltd.,696.3,2786,5297,
Capacit'e Infraprojects Ltd.,328.45,2779,1631232,
Indian Hume Pipe Company Ltd.,526.7,2775,800254,
Solara Active Pharma Sciences Ltd.,689.85,2774,206646,
Mayur Uniquoters Ltd.,622.75,2737,610704,
Precision Wires India Ltd.,152.3,2721,294872,
Lumax Industries Ltd.,2904.85,2715,3793,
Sky Gold Ltd.,2043.35,2705,83430,
Venky's (India) Ltd.,1920,2705,109335,
Accelya Solutions India Ltd.,1807.3,2698,22674,
Tarsons Products Ltd.,504.7,2685,41838,
Hi-Tech Pipes Ltd.,152,2677,954356,
Geojit Financial Services Ltd.,110.8,2649,828301,
HMA Agro Industries Ltd.,52.89,2649,189098,
Kalyani Investment Company Ltd.,6066.7,2648,697,
Mold-Tek Packaging Ltd.,796.9,2648,174120,
SMS Pharmaceuticals Ltd.,312.75,2647,463551,
Filatex India Ltd.,59.35,2634,2115815,
Den Networks Ltd.,55.12,2630,2185713,
Mangalam Cement Ltd.,955.3,2627,161133,
Dolat Algotech Ltd.,148.47,2613,1736450,
Apollo Pipes Ltd.,631.5,2611,62641,
S H Kelkar & Company Ltd.,188.48,2609,217483,
ESAF Small Finance Bank Ltd.,50.66,2608,974577,
TIL Ltd.,390.6,2601,77122,
Rashi Peripherals Ltd.,394.1,2597,202298,
Hester Biosciences Ltd.,3052.85,2597,47623,
Landmark Cars Ltd.,625.05,2583,132640,
Mukand Ltd.,178.49,2579,221157,
Panama Petrochem Ltd.,425.25,2572,175530,
Sai Silks (Kalamandir) Ltd.,166.92,2560,187301,
Websol Energy Systems Ltd.,606,2558,100735,
India Pesticides Ltd.,221.38,2549,351472,
Ajmera Realty & Infra India Ltd.,718.2,2549,24592,
Omaxe Ltd.,139.15,2545,18045,
Tasty Bite Eatables Ltd.,9909.4,2543,3006,
E2E Networks Ltd.,1739,2520,22659,
Jyoti Structures Ltd.,29.72,2518,11266169,
Sasken Technologies Ltd.,1668.3,2515,11035,
ADF Foods Ltd.,228.67,2512,138280,
Pennar Industries Ltd.,186.06,2511,938642,
IOL Chemicals and Pharmaceuticals Ltd.,427.25,2508,289420,
Indo Tech Transformers Ltd.,2345.7,2491,29713,
Rupa & Company Ltd.,312.9,2488,435081,
IKIO Lighting Ltd.,321.9,2488,481090,
DEE Development Engineers Ltd.,358.15,2473,212014,
Indraprastha Medical Corporation Ltd.,267.45,2452,312440,
Sanghi Industries Ltd.,94.86,2450,398811,
Dreamfolks Services Ltd.,460.5,2442,171626,
Oriental Hotels Ltd.,136.71,2442,214987,
Monarch Networth Capital Ltd.,718.45,2433,208026,
EPACK Durables Ltd.,253.55,2429,962909,
Cupid Ltd.,90.42,2427,219522,
Federal-Mogul Goetze (India) Ltd.,433,2409,196289,
BF Investment Ltd.,637.95,2403,41085,
Pokarna Ltd.,770.95,2390,252309,
Paramount Communications Ltd.,78.77,2390,1498908,
Ugro Capital Ltd.,257.2,2390,176980,
Satin Creditcare Network Ltd.,215.57,2381,402781,
Astec Lifesciences Ltd.,1212.9,2379,27036,
Nitin Spinners Ltd.,421.9,2372,218859,
Rane Holdings Ltd.,1651.25,2358,43186,
Parag Milk Foods Ltd.,196.81,2349,751282,
Apcotex Industries Ltd.,451.55,2341,24579,
Vidhi Specialty Food Ingredients Ltd.,468.7,2341,97759,
Cantabil Retail India Ltd.,278.35,2328,140666,
Tatva Chintan Pharma Chem Ltd.,993.8,2325,48786,
B L Kashyap & Sons Ltd.,103.1,2324,838891,
AXISCADES Technologies Ltd.,553.75,2323,63150,
Vakrangee Ltd.,21.5,2317,4861518,
Walchandnagar Industries Ltd.,417.8,2315,1145561,
Uniparts India Ltd.,512.55,2313,156162,
TTK Healthcare Ltd.,1636.2,2312,173726,
Talbros Automotive Components Ltd.,373.95,2308,309565,
Siyaram Silk Mills Ltd.,508.1,2305,43260,
Themis Medicare Ltd.,249.4,2295,104696,
JITF Infralogistics Ltd.,892.75,2295,51817,
Som Distilleries & Breweries Ltd.,117.63,2294,1299642,
Andhra Paper Ltd.,576.7,2294,124636,
Rossell India Ltd.,608.35,2293,114263,
Jaiprakash Associates Ltd.,9.3,2283,9407108,
PNB Gilts Ltd.,126.66,2280,538912,
Antony Waste Handling Cell Ltd.,802.85,2279,228324,
Carysil Ltd.,795.1,2259,33109,
IFGL Refractories Ltd.,625.9,2256,8977,
Nalwa Sons Investments Ltd.,4389.25,2254,2103,
Meghmani Organics Ltd.,88.57,2252,2430289,
Insecticides (India) Ltd.,759.5,2248,116755,
Cosmo First Ltd.,855.05,2244,254661,
Vardhman Special Steels Ltd.,274.6,2236,98736,
HIL Ltd.,2944.5,2220,7965,
Barbeque-Nation Hospitality Ltd.,566.8,2215,106090,
Seshasayee Paper & Boards Ltd.,350.1,2208,52158,
Amrutanjan Health Care Ltd.,760.3,2198,31558,
Krsnaa Diagnostics Ltd.,680.35,2197,44469,
Om Infra Ltd.,227.9,2195,242517,
Jubilant Industries Ltd.,1455.9,2194,19656,
Sanstar Ltd.,120.24,2191,7361572,
Centum Electronics Ltd.,1691.95,2182,28883,
Hubtown Ltd.,272.61,2179,828432,
Jagran Prakashan Ltd.,99.94,2175,724797,
Summit Securities Ltd.,1993.9,2174,5037,
Xpro India Ltd.,985.95,2173,35525,
Yatra Online Ltd.,137.89,2164,190671,
S P Apparels Ltd.,859.25,2156,17844,
Agro Tech Foods Ltd.,883.75,2154,83062,
GOCL Corporation Ltd.,434.05,2152,86538,
Orient Green Power Company Ltd.,21.89,2147,8099539,
Veranda Learning Solutions Ltd.,300.6,2142,624887,
India Power Corporation Ltd.,21.99,2141,2175107,
Navkar Corporation Ltd.,142.01,2138,569872,
Hariom Pipe Industries Ltd.,690.3,2137,70119,
D-Link (India) Ltd.,598.6,2125,144362,
Suryoday Small Finance Bank Ltd.,200.01,2125,4892271,
Alicon Castalloy Ltd.,1306.25,2124,34919,
Updater Services Ltd.,316.35,2118,65629,
Roto Pumps Ltd.,672.65,2113,331147,
Ramco Industries Ltd.,242.42,2104,75448,
Deep Industries Ltd.,327.35,2095,801104,
Pix Transmissions Ltd.,1528,2082,24022,
Prataap Snacks Ltd.,870.1,2077,75602,
Expleo Solutions Ltd.,1338.05,2077,182592,
Sangam (India) Ltd.,413.2,2076,21807,
Suratwwala Business Group Ltd.,119.17,2067,660992,
DCW Ltd.,69.97,2065,5751696,
Bombay Super Hybrid Seeds Ltd.,196.61,2063,84222,
Gandhar Oil Refinery (India) Ltd.,210.67,2062,229818,
Sigachi Industries Ltd.,65.73,2052,1597962,
Divgi Torqtransfer Systems Ltd.,666.7,2039,16361,
Udaipur Cement Works Ltd.,36.19,2029,4276870,
BLS E-Services Ltd.,222.56,2022,321874,
Wheels India Ltd.,827.35,2021,77073,
GKW Ltd.,3375.15,2014,413,
Sadhana Nitro Chem Ltd.,81.48,2013,536490,
Madhya Bharat Agro Products Ltd.,228.42,2002,16724,
GRP Ltd.,14990.1,1999,1736,
Taj GVK Hotels & Resorts Ltd.,318.05,1994,231471,
Nelco Ltd.,872.7,1991,181529,
Goldiam International Ltd.,185.33,1979,282155,
Hercules Hoists Ltd.,618,1978,40463,
Sirca Paints India Ltd.,360.7,1977,79930,
Yasho Industries Ltd.,1732.5,1975,79619,
Aeroflex Industries Ltd.,151.56,1960,451191,
GPT Infraprojects Ltd.,168.3,1958,184963,
MIC Electronics Ltd.,81.08,1954,465297,
Arman Financial Services Ltd.,1861.05,1950,65532,
Ador Welding Ltd.,1433.45,1949,19334,
Camlin Fine Sciences Ltd.,116.35,1949,706358,
Everest Kanto Cylinder Ltd.,173.62,1948,1931837,
Atul Auto Ltd.,702,1948,46934,
Stove Kraft Ltd.,587.95,1943,93228,
Jindal Drilling & Industries Ltd.,665.6,1929,89563,
I G Petrochemicals Ltd.,618.8,1906,50099,
Reliance Industrial InfraStructure Ltd.,1259.4,1902,141545,
Igarashi Motors India Ltd.,602,1895,130447,
DCM Shriram Industries Ltd.,217.2,1889,134991,
Peninsula Land Ltd.,64.14,1884,714341,
Ram Ratna Wires Ltd.,426.7,1877,65378,
Kokuyo Camlin Ltd.,186.73,1873,1065908,
GTPL Hathway Ltd.,165.88,1866,39347,
Subex Ltd.,33.13,1862,11698067,
Precision Camshafts Ltd.,195.79,1860,173841,
63 Moons Technologies Ltd.,403.4,1859,356854,
Pondy Oxides & Chemicals Ltd.,1471.6,1856,260583,
IRM Energy Ltd.,450.75,1851,65730,
Wonder Electricals Ltd.,1373.3,1840,60621,
Zota Healthcare Ltd.,690.75,1833,677300,
Everest Industries Ltd.,1160.35,1833,58295,
Shriram Properties Ltd.,107.4,1830,1032159,
Bigbloc Construction Ltd.,257.55,1823,127700,
Agarwal Industrial Corporation Ltd.,1217.55,1821,55532,
India Nippon Electricals Ltd.,804.65,1820,34038,
Madras Fertilizers Ltd.,112.88,1819,708303,
G M Breweries Ltd.,793.65,1813,69381,
The Hi-Tech Gears Ltd.,964.15,1810,8473,
GNA Axles Ltd.,421.6,1810,50762,
Mufin Green Finance Ltd.,111.12,1810,97084,
Rama Steel Tubes Ltd.,11.62,1806,47981424,
Amines & Plasticizers Ltd.,325.25,1790,41535,
BCL Industries Ltd.,60.02,1772,1500220,
Platinum Industries Ltd.,322.4,1771,4850711,
Swelect Energy Systems Ltd.,1167.25,1769,28131,
Eimco Elecon (India) Ltd.,3050.3,1760,3847,
Kiri Industries Ltd.,338.95,1757,109881,
Fairchem Organics Ltd.,1344.85,1751,27568,
Tamil Nadu Newsprint And Papers Ltd.,252.4,1747,154155,
Bharat Wire Ropes Ltd.,255.2,1745,476204,
Rico Auto Industries Ltd.,128.55,1739,1011859,
Borosil Scientific Ltd.,195.65,1737,170155,
Vascon Engineers Ltd.,78.02,1727,2659313,
Centrum Capital Ltd.,41.36,1721,855439,
Popular Vehicles and Services Ltd.,241.06,1716,130083,
Likhitha Infrastructure Ltd.,434.75,1715,114309,
Krishana Phoschem Ltd.,277.1,1713,45953,
Spacenet Enterprises India Ltd.,30.52,1705,14983105,
Excel Industries Ltd.,1352.9,1701,105918,
Windlas Biotech Ltd.,812.85,1699,62267,
Texmaco Infrastructure & Holdings Ltd.,132.69,1691,643085,
Southern Petrochemicals Industries Corporation Ltd.,82.98,1690,711452,
NIIT Ltd.,124.83,1689,3494495,
Dynacons Systems & Solutions Ltd.,1325.6,1685,39744,
Sportking India Ltd.,1317.2,1674,54180,
Tourism Finance Corporation of India Ltd.,179.9,1666,1149097,
Steel Exchange India Ltd.,13.89,1664,3755655,
Manali Petrochemicals Ltd.,95.55,1643,615588,
TV Today Network Ltd.,275.3,1643,1988549,
NGL Fine - Chem Ltd.,2653.1,1639,11010,
India Motor Parts & Accessories Ltd.,1308.3,1633,6508,
Yuken India Ltd.,1242.85,1616,33616,
Rishabh Instruments Ltd.,422.15,1613,51113,
Shankara Building Products Ltd.,664.6,1612,48573,
Allsec Technologies Ltd.,1051.8,1603,16314,
Mangalore Chemicals & Fertilizers Ltd.,134.8,1598,632846,
Automotive Stampings and Assemblies Ltd.,1004.05,1593,54946,
Punjab Chemicals and Crop Protection Ltd.,1291.55,1584,28243,
Salzer Electronics Ltd.,893.15,1579,62136,
Matrimony.com Ltd.,707.45,1575,214111,
GPT Healthcare Ltd.,191.47,1571,369957,
Heranba Industries Ltd.,392.35,1570,86175,
R K Swamy Ltd.,310.4,1567,367370,
Butterfly Gandhimathi Appliances Ltd.,875.85,1566,12336,
Andhra Sugars Ltd.,115.3,1563,272877,
SMC Global Securities Ltd.,149.14,1561,380510,
Kirloskar Electric Company Ltd.,233.15,1548,459278,
Oriental Aromatics Ltd.,459.5,1546,25887,
Dhunseri Ventures Ltd.,439.75,1540,440233,
Shree Digvijay Cement Company Ltd.,103.01,1518,406278,
5Paisa Capital Ltd.,486,1517,44701,
Kellton Tech Solutions Ltd.,155.52,1515,802847,
Kitex Garments Ltd.,227.63,1514,125989,
Mukka Proteins Ltd.,50.43,1513,1438449,
Macpower CNC Machines Ltd.,1506.15,1507,8135,
Associated Alcohols & Breweries Ltd.,833.1,1506,102536,
One Point One Solutions Ltd.,68.77,1502,1553874,
Wealth First Portfolio Managers Ltd.,1395.3,1487,116673,
Motisons Jewellers Ltd.,151.01,1487,288100,
Selan Exploration Technology Ltd.,977.45,1486,3998809,
Syncom Formulation (India) Ltd.,15.74,1480,4304348,
Capital Small Finance Bank Ltd.,328.15,1478,88857,
Saurashtra Cements Ltd.,131.39,1458,185178,
Xchanging Solutions Ltd.,130.55,1454,595956,
Allcargo Gati Ltd.,98.02,1441,700506,
Himatsingka Seide Ltd.,146.23,1440,969581,
Monte Carlo Fashions Ltd.,694.35,1440,50452,
Rane (Madras) Ltd.,883.1,1436,18958,
Best Agrolife Ltd.,603.35,1427,40073,
ICE Make Refrigeration Ltd.,903.15,1425,190865,
Hind Rectifiers Ltd.,830.25,1423,61356,
HLV Ltd.,21.58,1423,549339,
New Delhi Television Ltd.,218.18,1407,307531,
Kamdhenu Ltd.,506.3,1404,148635,
Kabra Extrusion Technik Ltd.,401.45,1404,49408,
Kuantum Papers Ltd.,159.2,1389,82067,
Max India Ltd.,319.75,1380,53305,
Dhampur Sugar Mills Ltd.,210.54,1377,488706,
Sterling Tools Ltd.,381.9,1376,53637,
Asian Energy Services Ltd.,333.6,1365,59748,
MSP Steel & Power Ltd.,35.19,1356,10513507,
Dynamic Cables Ltd.,558.35,1353,53392,
GIC Housing Finance Ltd.,251.2,1353,409288,
Ester Industries Ltd.,143.95,1352,365199,
Dwarikesh Sugar Industries Ltd.,72.67,1347,1016773,
Steel Cast Ltd.,664.95,1346,52583,
Control Print Ltd.,838.9,1342,18995,
NACL Industries Ltd.,66.78,1331,142056,
Faze Three Ltd.,546.45,1329,151795,
Snowman Logistics Ltd.,79.19,1323,1806637,
Ramco Systems Ltd.,357.3,1323,38493,
Lincoln Pharmaceuticals Ltd.,656.4,1315,54023,
Arihant Superstructures Ltd.,319.3,1314,32156,
GRM Overseas Ltd.,218.63,1312,966424,
BEML Land Assets Ltd.,314.95,1312,251383,
AVT Natural Products Ltd.,86.09,1311,99024,
Sandesh Ltd.,1728.45,1308,16031,
Aptech Ltd.,223.32,1295,322399,
Hexa Tradex Ltd.,234.07,1293,89099,
Chemfab Alkalis Ltd.,905.55,1293,14281,
Transindia Real Estate Ltd.,52.59,1292,3671504,
State Trading Corporation Of India Ltd.,214.07,1284,439026,
Signpost India Ltd.,238.83,1277,39748,
Nahar Spinning Mills Ltd.,353.5,1275,120608,
Crest Ventures Ltd.,447.65,1274,75507,
Vardhman Holdings Ltd.,3982.5,1271,3262,
Raj Rayon Industries Ltd.,22.8,1268,46699,
Jay Bharat Maruti Ltd.,117.12,1268,376960,
NDR Auto Components Ltd.,1061.3,1262,78273,
Avadh Sugar & Energy Ltd.,630.1,1261,65550,
Ksolves India Ltd.,1063.2,1261,18950,
Allcargo Terminals Ltd.,51.25,1259,657978,
Nelcast Ltd.,144.7,1259,70952,
Kamdhenu Ventures Ltd.,40.04,1259,4706475,
Shalimar Paints Ltd.,150.18,1257,220087,
Century Enka Ltd.,574.85,1256,23509,
Uttam Sugar Mills Ltd.,327.15,1248,107832,
Satia Industries Ltd.,124.44,1244,156603,
Ganesh Benzoplast Ltd.,172.29,1240,332774,
Kopran Ltd.,255.6,1232,168466,
Bliss GVS Pharma Ltd.,116.69,1225,384928,
Indo Rama Synthetics (India) Ltd.,46.89,1224,207296,
Chaman Lal Setia Exports Ltd.,236.62,1224,522073,
Ravindra Energy Ltd.,79.35,1224,61977,
Gulshan Polyols Ltd.,195.59,1220,175540,
Prakash Pipes Ltd.,499.6,1195,130942,
Arrow Greentech Ltd.,786.1,1186,289254,
Allied Digital Services Ltd.,213.47,1183,650672,
RSWM Ltd.,250.65,1181,210437,
Pudumjee Paper Products Ltd.,124.18,1179,663566,
Manoj Vaibhav Gems N Jewellers Ltd.,240.69,1176,237814,
J G Chemicals Ltd.,300,1176,766813,
Urja Global Ltd.,21.07,1174,2626624,
Vimta Labs Ltd.,523.7,1161,41280,
Filatex Fashions Ltd.,6.96,1160,13987703,
Dhanlaxmi Bank Ltd.,45.81,1159,5208547,
Sat Industries Ltd.,102.07,1154,451340,
Foods & Inns Ltd.,157.54,1150,579714,
Ambika Cotton Mills Ltd.,1994.1,1142,16914,
Electrotherm (India) Ltd.,894.3,1140,3371,
Uniphos Enterprises Ltd.,162.89,1133,18308,
Pakka Ltd.,284.2,1120,433974,
Mindteck (India) Ltd.,438.55,1116,100204,
Entertainment Network (India) Ltd.,234.05,1116,181172,
Heubach Colorants India Ltd.,483,1115,30900,
Dharmaj Crop Guard Ltd.,329.75,1114,842774,
Zuari Industries Ltd.,373.95,1114,93772,
Orient Paper & Industries Ltd.,52.47,1113,1432851,
Kriti Industries (India) Ltd.,224.4,1113,115484,
Windsor Machines Ltd.,169.46,1100,157888,
Zodiac Energy Ltd.,750.05,1100,9948,
Valiant Organics Ltd.,397.2,1095,44993,
SPML Infra Ltd.,185.45,1094,65139,
Sutlej Textiles & Industries Ltd.,66.64,1092,293825,
Indo Amines Ltd.,154.39,1091,347649,
Munjal Auto Industries Ltd.,108.89,1089,1876024,
Kernex Microsystems (India) Ltd.,648.95,1088,272090,
Magadh Sugar & Energy Ltd.,771.3,1087,40194,
Coffee Day Enterprises Ltd.,51.17,1081,1460263,
CSL Finance Ltd.,469.8,1070,52467,
VLS Finance Ltd.,302.35,1052,56097,
InfoBeans Technologies Ltd.,430.55,1049,15434,
AGI Infra Ltd.,857.05,1047,756,
Bodal Chemicals Ltd.,83.07,1045,1846695,
Ind-Swift Laboratories Ltd.,176.61,1044,5610888,
NCL Industries Ltd.,230.2,1041,144627,
Essar Shipping Ltd.,50.23,1040,1092051,
Ritco Logistics Ltd.,366.8,1039,376054,
Gandhi Special Tubes Ltd.,854.75,1039,20375,
Asian Granito India Ltd.,81.88,1038,14495712,
Sree Rayalaseema Hi-Strength Hypo Ltd.,603.8,1036,30244,
Credo Brands Marketing Ltd.,159.5,1029,131767,
AGS Transact Technologies Ltd.,84.59,1027,446718,
Hardwyn India Ltd.,29.37,1025,154877,
Rushil Decor Ltd.,374.55,1024,1516979,
Bajaj Healthcare Ltd.,370.95,1024,159994,
Krystal Integrated Services Ltd.,732.65,1024,30741,
Creative Newtech Ltd.,722.1,1019,25849,
Elin Electronics Ltd.,204.79,1017,399981,
20 Microns Ltd.,287.75,1015,1741393,
Jagsonpal Pharmaceuticals Ltd.,383.05,1013,29958,
Tracxn Technologies Ltd.,96.86,1012,1419262,
W S Industries (India) Ltd.,165.59,1008,171552,
Kothari Petrochemicals Ltd.,170.83,1005,583330,
Eldeco Housing & Industries Ltd.,1019.8,1003,35724,
Silver Touch Technologies Ltd.,789.95,1002,21733,
GHCL Textiles Ltd.,104.62,1000,3941243,
Shivalik Rasayan Ltd.,640.4,996,22208,
Sastasundar Ventures Ltd.,311.35,990,34141,
Deccan Cements Ltd.,702.35,984,37544,
Chemcon Speciality Chemicals Ltd.,267.85,981,63217,
Sakuma Exports Ltd.,31.04,973,2400382,
Royal Orchid Hotels Ltd.,354.25,972,48927,
Onward Technologies Ltd.,429.1,970,37869,
Visaka Industries Ltd.,111.8,966,249702,
Tribhovandas Bhimji Zaveri Ltd.,144.03,961,1030851,
Career Point Ltd.,527.6,960,39408,
HP Adhesives Ltd.,102.81,945,320794,
Vikas Lifecare Ltd.,5.05,938,8357642,
Repro India Ltd.,655.9,938,73135,
Aditya Birla Money Ltd.,165.6,936,212027,
DiGiSPICE Technologies Ltd.,40.16,934,204835,
Zuari Agro Chemicals Ltd.,221.91,933,358324,
Renaissance Global Ltd.,96.6,929,183001,
Jindal Poly Investment & Finance Company Ltd.,875.1,920,13798,
Ratnaveer Precision Engineering Ltd.,189.22,918,680589,
Liberty Shoes Ltd.,538.55,918,81474,
Sarla Performance Fibers Ltd.,109.79,917,869147,
Ugar Sugar Works Ltd.,81.4,916,189462,
TPL Plastech Ltd.,117.21,914,425633,
VL E-Governance & IT Solutions Ltd.,86.28,914,367916,
Zee Media Corporation Ltd.,14.59,913,6542506,
Radiant Cash Management Services Ltd.,84.92,906,292569,
Andhra Cements Ltd.,98.28,906,79840,
Radhika Jeweltech Ltd.,76.71,905,4351251,
Jindal Photo Ltd.,880.85,904,49045,
Nintec Systems Ltd.,486.3,903,6990,
The Investment Trust of India Ltd.,172.82,903,15833,
Dhunseri Investments Ltd.,1478.85,902,3792,
Tamilnadu Petroproducts Ltd.,100.07,900,774454,
Linc Ltd.,605.25,900,9819,
SBC Exports Ltd.,28.29,898,1895607,
Gloster Ltd.,814.8,892,5308,
Khaitan Chemicals & Fertilizers Ltd.,91.74,890,13032678,
Sarveshwar Foods Ltd.,9.09,890,2768406,
Birla Cable Ltd.,296.35,889,234168,
Apex Frozen Foods Ltd.,284.2,888,254073,
De Nora India Ltd.,1667.2,885,15933,
Dhampur Bio Organics Ltd.,133.18,884,86337,
Chembond Chemicals Ltd.,656.35,883,13852,
Jayant Agro Organics Ltd.,292.9,879,113958,
Ruby Mills Ltd.,262.41,877,1610192,
OnMobile Global Ltd.,82.22,874,1996337,
Global Surfaces Ltd.,204.47,867,86224,
MMP Industries Ltd.,340.1,864,81729,
GVK Power & Infrastructure Ltd.,5.47,864,1990501,
Prime Securities Ltd.,257.2,863,77220,
Hindustan Composites Ltd.,580.6,857,12237,
Shree Pushkar Chemicals & Fertilisers Ltd.,264.95,857,418199,
GFL Ltd.,77.64,853,46657,
Panacea Biotec Ltd.,138.76,850,98027,
Mallcom (India) Ltd.,1349.25,842,6310,
Speciality Restaurants Ltd.,173.22,833,36241,
Simplex Infrastructures Ltd.,145.7,833,103292,
STEL Holdings Ltd.,449.7,830,24994,
Emami Paper Mills Ltd.,136.93,828,74944,
Ashima Ltd.,42.74,819,571945,
Shreyas Shipping & Logistics Ltd.,371.25,815,62361,
Cheviot Company Ltd.,1389.95,812,3235,
Plastiblends India Ltd.,309.85,805,26867,
S Chand & Company Ltd.,228.23,804,54560,
RPP Infra Projects Ltd.,209.83,799,1035814,
Arihant Capital Markets Ltd.,76.55,797,483080,
Viceroy Hotels Ltd.,126.09,796,6140,
Khadim India Ltd.,432.75,795,99095,
GeeCee Ventures Ltd.,379.65,794,9181,
Sukhjit Starch & Chemicals Ltd.,506.25,791,15206,
N R Agarwal Industries Ltd.,460.9,784,8392,
Focus Lighting and Fixtures Ltd.,118.15,783,450131,
Donear Industries Ltd.,149.88,779,963436,
Lokesh Machines Ltd.,419.7,776,19296,
Hindustan Motors Ltd.,36.9,770,4249773,
Spencers Retail Ltd.,84.2,759,245421,
Parsvnath Developers Ltd.,17.43,759,9488389,
Nova Agritech Ltd.,81.97,758,2013274,
Nahar Poly Films Ltd.,306.45,753,37317,
Goa Carbons Ltd.,821.95,752,257715,
Menon Bearings Ltd.,133.28,747,128053,
Aurum Proptech Ltd.,186.99,747,1031625,
Vraj Iron & Steel Ltd.,226.31,746,202659,
Bhageria Industries Ltd.,170.7,745,35632,
Hindustan Media Ventures Ltd.,100.64,741,67642,
Sreeleathers Ltd.,319.15,739,42690,
Vinyl Chemicals (I) Ltd.,402.55,738,27840,
Balaji Telefilms Ltd.,72.64,738,741731,
Kaya Ltd.,563.8,737,14718,
Inspirisys Solutions Ltd.,184.55,731,121454,
Maan Aluminium Ltd.,134.81,729,94937,
PVP Ventures Ltd.,27.78,723,1736603,
Rane Brake Lining Ltd.,933.7,722,12119,
DMCC Speciality Chemicals Ltd.,289.35,722,17368,
Albert David Ltd.,1260.9,720,10604,
AYM Syntex Ltd.,141.54,718,200279,
Advani Hotels & Resorts (India) Ltd.,77.35,715,591665,
Mold-Tek Technologies Ltd.,250.25,715,110258,
Alankit Ltd.,26.3,713,2401354,
MBL Infrastructure Ltd.,64.97,713,110923,
Sakar Healthcare Ltd.,332.65,710,24552,
Nectar Lifesciences Ltd.,31.64,710,680743,
Munjal Showa Ltd.,177.31,709,367190,
Nandan Denim Ltd.,48.98,706,1374210,
Vikas Ecotech Ltd.,3.99,706,29558308,
TVS Electronics Ltd.,378.1,705,105098,
RS Software (India) Ltd.,274.2,705,83265,
Wanbury Ltd.,214.93,704,305015,
Tantia Constructions Ltd.,45.34,703,13647,
Nagarjuna Fertilizers and Chemicals Ltd.,11.71,700,847812,
Bedmutha Industries Ltd.,215.91,697,11810,
Davangere Sugar Company Ltd.,7.39,695,14812973,
SKM Egg Products Export (India) Ltd.,263.75,694,70425,
Pyramid Technoplast Ltd.,188.37,693,252524,
Race Eco Chain Ltd.,420.6,691,16735,
Axita Cotton Ltd.,26.43,690,9359745,
D P Wires Ltd.,444.4,689,22912,
IZMO Ltd.,485.85,687,49349,
Nahar Industrial Enterprises Ltd.,158.18,683,236713,
AVG Logistics Ltd.,490.15,669,11751,
Shivam Autotech Ltd.,54.47,666,1508114,
Consolidated Finvest & Holdings Ltd.,205.5,664,22233,
Brand Concepts Ltd.,586.35,654,22861,
Balaxi Pharmaceuticals Ltd.,117.34,648,70079,
FCS Software Solutions Ltd.,3.77,645,6010104,
Bartronics India Ltd.,21.1,643,2189540,
Oswal Agro Mills Ltd.,47.68,640,223061,
Mirza International Ltd.,46.17,638,176975,
Manaksia Ltd.,96.55,633,52940,
Remsons Industries Ltd.,180.65,630,27069,
Tara Chand InfraLogistic Solutions Ltd.,406.5,629,54361,
Oricon Enterprises Ltd.,40.05,629,785406,
HT Media Ltd.,26.99,628,564228,
Uravi T & Wedge Lamps Ltd.,567.85,625,4991,
Laxmi Goldorna House Ltd.,298.05,622,947,
SRM Contractors Ltd.,269.5,618,271261,
SIL Investments Ltd.,580.2,615,48280,
Asahi Songwon Colors Ltd.,518.35,611,26837,
BPL Ltd.,124.49,610,87813,
Kothari Products Ltd.,203.25,607,39888,
Almondz Global Securities Ltd.,36.47,606,4024065,
Indo Borax & Chemicals Ltd.,188.59,605,44692,
3i Infotech Ltd.,35.69,604,1040424,
Nupur Recyclers Ltd.,87.6,601,83685,
NBI Industrial Finance Company Ltd.,2446.35,601,825,
Kriti Nutrients Ltd.,119.57,599,93838,
PTL Enterprises Ltd.,45.18,598,194571,
Kilitch Drugs(I) Ltd.,371.65,598,16855,
Kamat Hotels (India) Ltd.,224.36,595,48423,
Orient Ceratech Ltd.,49.55,593,228943,
TRF Ltd.,538.6,593,47255,
Precot Ltd.,491.45,590,3424,
Genus Paper & Boards Ltd.,22.79,586,892786,
Orient Bell Ltd.,399.9,584,57103,
Valiant Laboratories Ltd.,134.01,582,278031,
Nitco Ltd.,80.45,578,1016925,
KCP Sugar & Industries Corporation Ltd.,50.8,576,1323481,
Banswara Syntex Ltd.,168.08,575,67346,
Pavna Industries Ltd.,469.45,572,14457,
Music Broadcast Ltd.,16.51,571,1127904,
Cybertech Systems & Software Ltd.,182.96,570,158450,
Kronox Lab Sciences Ltd.,153.44,569,180908,
Anjani Portland Cement Ltd.,193.62,569,26933,
Diamines & Chemicals Ltd.,581,568,19515,
Mazda Ltd.,1418.25,568,4953,
Venus Remedies Ltd.,420.95,563,118565,
Autoline Industries Ltd.,143.35,559,670336,
TruCap Finance Ltd.,47.71,558,2764373,
HCL Infosystems Ltd.,16.91,557,251084,
Muthoot Capital Services Ltd.,338.05,556,36835,
Kanoria Chemicals & Industries Ltd.,127.25,556,44766,
Zim Laboratories Ltd.,113.83,555,94770,
Deep Energy Resources Ltd.,171.85,550,34530,
DIC India Ltd.,597,548,58800,
DC Infotech and Communication Ltd.,419.6,545,15888,
Medicamen Biotech Ltd.,427.6,544,17479,
Nahar Capital & Financial Services Ltd.,324.15,543,7437,
Aarti Surfactants Ltd.,637.2,539,30982,
Vipul Ltd.,38.21,539,1482576,
IRIS Business Services Ltd.,270,537,9379,
Sinclairs Hotels Ltd.,104.6,536,52340,
Bhartiya International Ltd.,436.7,533,6766,
SRG Housing Finance Ltd.,393,531,6930,
RBZ Jewellers Ltd.,131.7,527,42684,
IRIS Clothings Ltd.,64.39,525,102690,
Nila Infrastructures Ltd.,13.31,524,857523,
International Conveyors Ltd.,82.68,524,175084,
Megasoft Ltd.,71.03,524,163597,
Manomay Tex India Ltd.,290.05,524,293952,
Kritika Wires Ltd.,19.57,521,277706,
Geekay Wires Ltd.,99.2,518,524142,
IFB Agro Industries Ltd.,553.15,518,1269,
Orbit Exports Ltd.,195.47,517,81207,
UFO Moviez India Ltd.,133.9,517,805467,
Modison Ltd.,159.1,516,82982,
Reliance Communications Ltd.,1.85,512,9318813,
Vibhor Steel Tubes Ltd.,268.3,509,4806,
Vardhman Acrylics Ltd.,63.05,507,85921,
B&B Triplewall Containers Ltd.,244.77,502,1738,
Sadbhav Engineering Ltd.,29.08,499,1956305,
United Drilling Tools Ltd.,245.66,499,26456,
MIRC Electronics Ltd.,21.56,498,586894,
Prozone Realty Ltd.,31.93,487,610508,
Synergy Green Industries Ltd.,344.25,486,11442,
Kothari Sugars & Chemicals Ltd.,58.67,486,296237,
Manaksia Coated Metals & Industries Ltd.,65.13,484,10459,
Akme Fintrade (India) Ltd.,113.26,483,313248,
Pritika Auto Industries Ltd.,29.79,482,1475336,
CL Educate Ltd.,88.7,480,97059,
Industrial Investment Trust Ltd.,209.77,473,1288428,
Premier Polyfilm Ltd.,223.5,468,60941,
Kapston Services Ltd.,460.7,467,23435,
Sakthi Sugars Ltd.,38.97,463,538377,
Dynemic Products Ltd.,372.35,463,5572,
SoftTech Engineers Ltd.,361,463,2410,
AION-TECH Solutions Ltd.,133.73,462,66467,
IL&FS Investment Managers Ltd.,14.63,459,680276,
Ponni Sugars (Erode) Ltd.,533.55,459,26074,
Jet Airways (India) Ltd.,40.08,455,41337,
Harrisons Malayalam Ltd.,246.5,455,61782,
Elgi Rubber Company Ltd.,90,450,11221,
M K Proteins Ltd.,11.98,450,28996,
Poddar Pigments Ltd.,423.3,449,9421,
S & S Power Switchgear Ltd.,362.9,448,3032,
Nath Bio-Genes (India) Ltd.,235.09,447,22133,
Mawana Sugars Ltd.,114.05,446,156580,
Emkay Global Financial Services Ltd.,179.88,446,29802,
DCM Nouvelle Ltd.,236.94,443,13493,
Sheetal Cool Products Ltd.,419.35,440,17339,
Shemaroo Entertainment Ltd.,160.8,438,276712,
The Byke Hospitality Ltd.,83.79,438,10331,
Sahyadri Industries Ltd.,399.9,438,12323,
Hitech Corporation Ltd.,253.91,436,83510,
Indo National Ltd.,577.05,433,5636,
Mangalam Global Enterprise Ltd.,26.2,432,140972,
Integra Essentia Ltd.,3.98,425,5328385,
Bharat Road Network Ltd.,50.27,422,14981,
Country Club Hospitality & Holidays Ltd.,25.67,420,14228,
Gokul Refoils & Solvent Ltd.,42.17,417,133293,
Cineline India Ltd.,127.79,415,38432,
Sigma Solve Ltd.,402.55,414,3226,
Udayshivakumar Infra Ltd.,74.57,413,114858,
Plaza Wires Ltd.,94.02,411,657362,
Coastal Corporation Ltd.,304.6,410,56336,
Global Vectra Helicorp Ltd.,292.1,409,3434,
Universus Photo Imagings Ltd.,372.45,408,348,
Apollo Sindoori Hotels Ltd.,1555.95,405,2325,
Atlantaa Ltd,49.6,404,12129,
Ruchira Papers Ltd.,134.84,402,70961,
Trigyn Technologies Ltd.,130.1,401,43569,
Lyka Labs Ltd.,120.68,399,132174,
Exxaro Tiles Ltd.,88.81,397,119805,
Shreyans Industries Ltd.,287.1,397,22104,
Mangalam Organics Ltd.,462.15,396,43515,
Asian Hotels (North) Ltd.,199.86,389,8133,
Robust Hotels Ltd.,223.89,387,37154,
Aries Agro Ltd.,297.5,387,199591,
Aban Offshore Ltd.,66.08,386,47800,
GP Petroleums Ltd.,75.23,384,296665,
Indowind Energy Ltd.,29.69,382,774540,
Rana Sugars Ltd.,24.9,382,678486,
Global Education Ltd.,187.54,382,37606,
Mahindra EPC Irrigation Ltd.,136.62,382,25579,
Lorenzini Apparels Ltd.,22.89,381,59185,
Star Paper Mills Ltd.,242.16,378,10835,
Shyam Century Ferrous Ltd.,17.71,376,167664,
IL&FS Engineering & Construction Company Ltd.,28.63,375,16764,
Bannari Amman Spinning Mills Ltd.,57.88,375,633879,
KM Sugar Mills Ltd.,40.68,374,113399,
Rajnandini Metal Ltd.,13.41,371,1525134,
Euro India Fresh Foods Ltd.,149.22,370,31627,
VIP Clothing Ltd.,44.6,368,106719,
Airan Ltd.,29.38,367,264799,
Manaksia Steels Ltd.,55.85,366,56872,
NDL Ventures Ltd.,107.38,362,31540,
Shree Rama Multi-Tech Ltd.,27,361,33919,
A2Z Infra Engineering Ltd.,20.44,360,174238,
Emami Realty Ltd.,95.11,360,31223,
UCAL Ltd.,162.54,359,22384,
Intense Technologies Ltd.,152.43,358,24730,
Sejal Glass Ltd.,353.35,357,4588,
Jay Shree Tea & Industries Ltd.,123.33,356,248035,
Pasupati Acrylon Ltd.,39.95,356,179008,
Sintercom India Ltd.,129.32,356,29781,
DRC Systems India Ltd.,26.78,355,90488,
Magnum Ventures Ltd.,52.98,352,133433,
Ruchi Infrastructure Ltd.,15.94,351,554587,
Bhagyanagar India Ltd.,109.64,351,70805,
Sumit Woods Ltd.,86.1,349,10458,
Murudeshwar Ceramics Ltd.,57.46,348,176779,
Virinchi Ltd.,34.14,348,741786,
Nila Spaces Ltd.,8.77,345,58006,
DJ Mediaprint & Logistics Ltd.,315.35,341,5398,
Megastar Foods Ltd.,300.6,339,6549,
Surana Telecom and Power Ltd.,24.97,339,198627,
Zodiac Clothing Company Ltd.,130.35,339,35433,
Zee Learn Ltd.,10.39,339,2636345,
Rama Phosphates Ltd.,191.34,339,16533,
Osia Hyper Retail Ltd.,25.29,337,290657,
Veto Switchgears & Cables Ltd.,175.72,336,1004463,
Lords Chloro Alkali Ltd.,132.99,335,10711,
Raj Television Network Ltd.,64.26,334,18541,
BGR Energy Systems Ltd.,44.61,322,125066,
Maral Overseas Ltd.,77.49,322,190302,
Vishwaraj Sugar Industries Ltd.,17.07,321,1281272,
Lancor Holdings Ltd.,43.67,319,39025,
Crown Lifters Ltd.,282.45,317,2289,
Sundaram Brake Lining Ltd.,800.55,315,2859,
Medico Remedies Ltd.,37.81,314,132879,
Naga Dhunseri Group Ltd.,3122,312,177,
Gujarat Apollo Industries Ltd.,263.25,311,7967,
Welspun Investments & Commercials Ltd.,845.4,309,868,
Rudrabhishek Enterprises Ltd.,177.66,308,18551,
Pil Italica Lifestyle Ltd.,13.04,306,393047,
Shree Rama Newsprint Ltd.,20.77,306,100794,
Oriental Carbon & Chemicals Ltd.,306.65,306,53000,
Uma Exports Ltd.,90.33,305,61935,
Indian Terrain Fashions Ltd.,68.93,305,355233,
Dev Information Technology Ltd.,134.42,302,47283,
Loyal Textiles Mills Ltd.,627.4,302,9574,
PPAP Automotive Ltd.,214.48,300,30903,
Smartlink Holdings Ltd.,300,299,501,
Alphageo (India) Ltd.,467.45,298,12691,
Inventure Growth & Securities Ltd.,2.83,297,5362971,
Lagnam Spintex Ltd.,167.51,296,69443,
Nitiraj Engineers Ltd.,288.15,295,1082,
AksharChem (India) Ltd.,366.05,294,59126,
South West Pinnacle Exploration Ltd.,104.95,293,30718,
Par Drugs & Chemicals Ltd.,236.73,291,9625,
Commercial Syn Bags Ltd.,72.87,291,47681,
Take Solutions Ltd.,19.66,291,156118,
SMS Lifesciences India Ltd.,961.4,291,2345,
Aaron Industries Ltd.,277.15,290,13804,
Cords Cable Industries Ltd.,224.47,290,27292,
McLeod Russel (India) Ltd.,27.58,288,837086,
Rane Engine Valve Ltd.,397.9,288,11639,
Omax Autos Ltd.,134.08,287,81501,
Rajshree Polypack Ltd.,78.06,286,347791,
Shradha Infraprojects Ltd.,141.31,286,19640,
Hindcon Chemicals Ltd.,55.83,286,109941,
Umang Dairies Ltd.,129.1,284,27258,
Ravinder Heights Ltd.,46.23,283,218497,
Generic Engineering Construction and Projects Ltd.,53.36,283,54319,
RKEC Projects Ltd.,116.83,280,52937,
Thomas Scott (India) Ltd.,246.65,279,3949,
Brooks Laboratories Ltd.,106.07,278,439644,
North Eastern Carrying Corporation Ltd.,37.14,273,252932,
Indo Thai Securities Ltd.,272.15,272,3562,
Nureca Ltd.,270.35,270,31104,
Kanpur Plastipack Ltd.,125.01,268,35990,
Ginni Filaments Ltd.,30.78,264,95116,
T T Ltd.,122.55,263,50053,
Prajay Engineers Syndicate Ltd.,37.67,263,247941,
Tirupati Forge Ltd.,25.2,261,315615,
Starteck Finance Ltd.,262.4,260,267,
Shree Vasu Logistics Ltd.,225.9,259,3902,
Sarthak Metals Ltd.,188.37,258,19926,
Vardhman Polytex Ltd.,9.44,258,398001,
Rajshree Sugars & Chemicals Ltd.,77.74,258,254266,
Trejhara Solutions Ltd.,176.53,256,14664,
Superhouse Ltd.,232.1,256,12626,
Indiabulls Enterprises Ltd.,12.76,253,2070983,
Jullundur Motor Agency (Delhi) Ltd.,110.42,252,47516,
Shah Metacorp Ltd.,6.09,252,27386908,
Delphi World Money Ltd.,225.55,251,14939,
Vaishali Pharma Ltd.,159.15,247,387811,
Equippp Social Impact Technologies Ltd.,23.99,247,4817,
Shiva Texyarn Ltd.,190.61,247,16637,
Modi Rubber Ltd.,98.18,246,9519,
Tembo Global Industries Ltd.,221.11,246,19181,
Shreeoswal Seeds and Chemicals Ltd.,26.55,243,49207,
Tarmat Ltd.,101.82,242,419605,
Priti International Ltd.,180.94,242,274637,
Compucom Software Ltd.,30.44,241,102307,
GSS Infotech Ltd.,91.65,240,53667,
BSL Ltd.,231.53,238,54006,
Shekhawati Poly Yarn Ltd.,6.8,234,277887,
Dhunseri Tea & Industries Ltd.,222.38,234,12911,
Maheshwari Logistics Ltd.,78.87,233,490133,
Signet Industries Ltd.,79.22,233,21337,
Asian Hotels (East) Ltd.,134.62,233,13721,
Aartech Solonics Ltd.,219.06,232,9548,
Indbank Merchant Banking Services Ltd.,52.1,231,224371,
AMJ Land Holdings Ltd.,55.81,229,58488,
Lovable Lingerie Ltd.,154.47,229,82837,
Capital Trust Ltd.,138.25,226,59537,
GVP Infotech Ltd.,13.87,226,125455,
Noida Toll Bridge Company Ltd.,12.13,226,85277,
Cambridge Technology Enterprises Ltd.,113.91,224,18635,
Incredible Industries Ltd.,47.79,223,29663,
Maha Rashtra Apex Corporation Ltd.,158.57,223,10455,
Modern Threads (India) Ltd.,64,223,1755,
Aspinwall and Company Ltd.,283.35,222,32971,
GTL Ltd.,14.01,220,976738,
Coral India Finance and Housing Ltd.,54.39,219,85061,
Somi Conveyor Beltings Ltd.,185.35,218,1575,
Sonam Ltd.,54.46,218,56092,
Texmo Pipes & Products Ltd.,74.48,217,115084,
Century Extrusions Ltd.,27.06,216,386486,
Sah Polymers Ltd.,83.88,216,33992,
Tainwala Chemicals & Plastics (India) Ltd.,228,213,6991,
Tips Films Ltd.,491.15,212,10315,
Mahalaxmi Rubtech Ltd.,199.45,212,37323,
Standard Industries Ltd.,32.81,211,115194,
Flexituff Ventures International Ltd.,75.84,210,211350,
Worth Peripherals Ltd.,133.5,210,70088,
Intrasoft Technologies Ltd.,128.91,210,48059,
Pansari Developers Ltd.,120.13,210,5693,
Ducon Infratechnologies Ltd.,8.05,209,368984,
Sadbhav Infrastructure Project Ltd.,5.91,208,378502,
Aarvi Encon Ltd.,140.77,208,16641,
Univastu India Ltd.,182.44,207,653,
IL&FS Transportation Networks Ltd.,6.3,207,49005,
Oil Country Tubular Ltd.,46.71,207,58130,
Aki India Ltd.,23.31,206,29305,
Atam Valves Ltd.,179.31,206,514342,
Praxis Home Retail Ltd.,16.4,205,12487,
Niraj Cement Structurals Ltd.,50.98,205,135669,
IVP Ltd.,198.14,205,4675,
Bafna Pharmaceuticals Ltd.,86.45,205,1884,
Arvee Laboratories (India) Ltd.,184.91,204,598,
Manaksia Aluminium Company Ltd.,31.08,204,36804,
Lambodhara Textiles Ltd.,196.05,203,235366,
Kalyani Forge Ltd.,558.25,203,1209,
Archidply Industries Ltd.,101.49,202,34263,
Reliance Home Finance Ltd.,4.14,201,3514603,
Supreme Infrastructure India Ltd.,77.94,200,1068,
MITCON Consultancy & Engineering Services Ltd.,137.99,200,13546,
DCM Ltd.,106.87,200,101370,
The United Nilgiri Tea Estates Company Ltd.,398.65,199,13887,
Dhruv Consultancy Services Ltd.,124,197,4784,
Anik Industries Ltd.,70.94,197,11860,
Alpa Laboratories Ltd.,93.57,197,159047,
United Polyfab Gujarat Ltd.,85.57,196,27321,
Krebs Biochemicals & Industries Ltd.,90.47,195,19736,
Airo Lam Ltd.,128.63,193,20318,
Keynote Financial Services Ltd.,274.3,193,12782,
Emmbi Industries Ltd.,108.25,191,31089,
Baid Finserv Ltd.,15.92,191,2145412,
Bal Pharma Ltd.,120.28,190,33554,
Sikko Industries Ltd.,113.07,190,54265,
Surana Solar Ltd.,38.58,190,279423,
Housing Development & Infrastructure Ltd.,3.99,189,48406,
Weizmann Ltd.,119.12,189,3205,
Suryalakshmi Cotton Mills Ltd.,100.33,189,363671,
SEL Manufacturing Company Ltd.,56.92,189,66052,
Anmol India Ltd.,33.01,188,64002,
Eros International Media Ltd.,19.56,188,260550,
Digicontent Ltd.,32.21,187,5990,
Gillanders Arbuthnot & Company Ltd.,87.48,187,21497,
Prakash Steelage Ltd.,10.66,187,85996,
SPL Industries Ltd.,64.28,186,73235,
Accuracy Shipping Ltd.,12.24,184,498550,
KBC Global Ltd.,1.87,182,2569922,
Kakatiya Cement Sugar & Industries Ltd.,233.99,182,5627,
Hilton Metal Forging Ltd.,86.56,182,96516,
Hindprakash Industries Ltd.,158.63,181,7567,
Mangalam Drugs and Organics Ltd.,113.95,180,151071,
SAL Steel Ltd.,21.19,180,74022,
Total Transport Systems Ltd.,111.33,180,12435,
Semac Consultants Ltd.,571.7,178,1795,
Reliance Chemotex Industries Ltd.,235.79,178,6645,
Jocil Ltd.,199.93,178,22581,
Setco Automotive Ltd.,13.26,177,39233,
Landmark Property Development Company Ltd.,13.15,176,238243,
JHS Svendgaard Laboratories Ltd.,22.38,175,94537,
Mahamaya Steel Industries Ltd.,106.02,174,146008,
BAG Films & Media Ltd.,8.79,174,60040,
Bharat Gears Ltd.,113.2,174,89507,
Ganges Securities Ltd.,173.01,173,26223,
Bhandari Hosiery Exports Ltd.,7.2,173,710608,
Globe Textiles (India) Ltd.,5.73,172,991658,
Fiberweb (India) Ltd.,59.45,171,747166,
Transwarranty Finance Ltd.,31.88,170,166997,
Cubex Tubings Ltd.,118,169,8689,
Vaswani Industries Ltd.,56.23,169,2306280,
Patel Integrated Logistics Ltd.,26.08,168,3219341,
DB (International) Stock Brokers Ltd.,48.09,168,83461,
Gayatri Projects Ltd.,8.97,168,811072,
Mukta Arts Ltd.,73.36,166,41045,
Xelpmoc Design and Tech Ltd.,111.97,165,10380,
The Indian Card Clothing Company Ltd.,275.2,163,6417,
Panache Digilife Ltd.,135.66,163,5481,
ART Nirman Ltd.,65.16,163,17683,
Digjam Ltd.,81.12,162,509,
Bodhi Tree Multimedia Ltd.,12.91,161,31790,
Kohinoor Foods Ltd.,43.16,160,99897,
Ansal Properties & Infrastructure Ltd.,10.02,158,143461,
MEP Infrastructure Developers Ltd.,8.47,158,1410011,
Salona Cotspin Ltd.,295.85,156,1990,
Motor & General Finance Ltd.,40.04,155,47954,
Zenith Steel Pipes & Industries Ltd.,10.71,152,14604,
Barak Valley Cements Ltd.,68.09,151,49951,
MRO-TEK Realty Ltd.,80.69,151,6216,
Sundaram Multi Pap Ltd.,3.17,150,1692240,
Touchwood Entertainment Ltd.,135.43,150,3144,
Power and Instrumentation (Gujarat) Ltd.,117.17,148,22190,
Energy Development Company Ltd.,30.94,147,682590,
Pioneer Embroideries Ltd.,49.67,146,40663,
Zenith Exports Ltd.,271.05,146,869,
AAA Technologies Ltd.,113.85,146,58017,
Aksh Optifibre Ltd.,8.93,145,164790,
Teamo Productions HQ Ltd.,1.54,145,1958427,
Ahlada Engineers Ltd.,112.14,145,34164,
Beardsell Ltd.,36.65,145,73097,
Sampann Utpadan India Ltd.,34.72,141,16981,
Aakash Exploration Services Ltd.,13.92,141,200578,
Steel City Securities Ltd.,92.89,140,19337,
Agri-Tech (India) Ltd.,236.07,140,60185,
Aarey Drugs & Pharmaceuticals Ltd.,49.57,139,69811,
Ind-Swift Ltd.,25.65,139,494528,
Palash Securities Ltd.,138.69,139,6316,
Digidrive Distributors Ltd.,35.6,137,46585,
Lotus Eye Hospital and Institute Ltd.,65.95,137,74966,
The Western India Plywood Ltd.,160.85,137,7206,
AMD Industries Ltd.,70.84,136,46464,
Regency Ceramics Ltd.,50.83,134,757,
Goyal Aluminiums Ltd.,9.32,133,308800,
Ajooni Biotech Ltd.,7.68,132,2107844,
Banka Bioloo Ltd.,121.72,132,9057,
Paras Petrofils Ltd.,3.92,131,58087,
Suvidhaa Infoserve Ltd.,6.2,129,435522,
Alkali Metals Ltd.,126.29,129,42216,
Latteys Industries Ltd.,22.32,128,73605,
The Peria Karamalai Tea & Produce Company Ltd.,414,128,1920,
Ausom Enterprise Ltd.,93.5,127,3008,
HB Stockholdings Ltd.,177.9,127,26608,
Orissa Bengal Carrier Ltd.,59.4,125,29736,
Future Retail Ltd.,2.28,124,637190,
Securekloud Technologies Ltd.,36.87,123,25843,
Palred Technologies Ltd.,100.4,123,1204,
Nagreeka Exports Ltd.,39.23,123,73151,
Arshiya Ltd.,4.62,122,324417,
Avro India Ltd.,120.42,121,56859,
Debock Industries Ltd.,7.38,120,407610,
Lasa Supergenerics Ltd.,23.91,120,62479,
Shah Alloys Ltd.,59.92,119,16364,
Excel Realty N Infra Ltd.,0.84,118,10648329,
Cerebra Integrated Technologies Ltd.,9.67,117,272666,
Times Guaranty Ltd.,130,117,3214,
Reliable Data Services Ltd.,113.05,117,53998,
Soma Textiles & Industries Ltd.,35.16,116,15249,
Damodar Industries Ltd.,49.73,116,72067,
Madhucon Projects Ltd.,15.36,113,4854,
HEC Infra Projects Ltd.,111.74,113,9213,
Dangee Dums Ltd.,7.25,112,114987,
Astron Paper & Board Mill Ltd.,24,112,36708,
Tokyo Plast International Ltd.,116.21,110,26461,
The Grob Tea Company Ltd.,947.95,110,224,
Yaari Digital Integrated Services Ltd,10.78,108,1225016,
Hisar Metal Industries Ltd.,200.08,108,3550,
Tree House Education & Accessories Ltd.,25.46,108,61837,
Biofil Chemicals & Pharmaceuticals Ltd.,65.96,107,113560,
Simbhaoli Sugars Ltd.,25.83,107,69960,
NRB Industrial Bearings Ltd.,43.63,106,813334,
McNally Bharat Engineering Company Ltd.,4.91,104,225858,
Seya Industries Ltd.,38.76,103,52104,
Sambhaav Media Ltd.,5.38,103,150131,
Cinevista Ltd.,17.84,102,13530,
Celebrity Fashions Ltd.,18.03,102,3772170,
SecMark Consultancy Ltd.,97.95,102,307,
Delta Manufacturing Ltd.,93.33,101,18152,
Madhav Copper Ltd.,37.01,100,39998,
Karma Energy Ltd.,86.32,100,14166,
Orient Press Ltd.,99.26,99,3318,
Pritish Nandy Communications Ltd.,68.22,99,17933,
Vinny Overseas Ltd.,4.22,98,402628,
BLB Ltd.,17.84,94,43329,
Ganga Forging Ltd.,7.17,94,407923,
Moksh Ornaments Ltd.,17.4,93,127401,
Agro Phos India Ltd.,45.99,93,72318,
Ravi Kumar Distilleries Ltd.,38.55,93,108025,
Tera Software Ltd.,73.33,92,9898,
Twentyfirst Century Management Services Ltd.,86.3,91,354,
SVP Global Textiles Ltd.,7.16,91,57481,
Aro Granite Industries Ltd.,58.76,90,48510,
Marshall Machines Ltd.,36.09,89,35741,
Aarvee Denims and Exports Ltd.,38.05,89,131661,
Lexus Granito (India) Ltd.,43.97,89,36747,
Archies Ltd.,25.69,87,133063,
HOV Services Ltd.,66.84,84,6582,
GACM Technologies Ltd.,1.23,84,9395410,
Raj Oil Mills Ltd.,55.65,83,19301,
Shiva Mills Ltd.,94.91,82,30780,
Malu Paper Mills Ltd.,47.94,82,87585,
Balkrishna Paper Mills Ltd.,24.94,80,68009,
Diligent Media Corporation Ltd.,6.76,80,726232,
LCC Infotech Ltd.,6.1,77,69823,
G-Tec Jainx Education Ltd.,75.36,77,843,
SITI Networks Ltd.,0.88,77,8609862,
We Win Ltd.,73.63,75,10427,
Golden Tobacco Ltd.,41.38,73,2107,
Rollatainers Ltd.,2.91,73,401188,
Akshar Spintex Ltd.,2.42,73,1076190,
DSJ Keep Learning Ltd.,4.62,72,97171,
Burnpur Cement Ltd.,8.33,72,34844,
Prudential Sugar Corporation Ltd.,22.12,71,5717,
Bang Overseas Ltd.,52.27,71,46453,
Lakshmi Finance & Industrial Corporation Ltd.,235.91,71,49689,
Kavveri Telecom Products Ltd.,34.51,69,2546,
AKG Exim Ltd.,21.66,69,640247,
Silgo Retail Ltd.,37.1,69,81182,
Rolta India Ltd.,4.12,68,295711,
Kshitij Polyline Ltd.,7.58,67,3206863,
3P Land Holdings Ltd.,37.25,67,60311,
Poddar Housing and Development Ltd.,91.9,67,5105,
Banaras Beads Ltd.,100.62,67,17960,
Manugraph India Ltd.,21.43,65,38829,
Jet Freight Logistics Ltd.,14.04,65,140253,
Ankit Metal & Power Ltd.,4.52,64,280555,
Akash Infra-Projects Ltd.,37.21,63,51421,
Mittal Life Style Ltd.,2.12,63,963632,
Nandani Creation Ltd.,37.76,62,2974,
Country Condo's Ltd.,8.04,62,354943,
Godha Cabcon & Insulation Ltd.,0.93,62,5188355,
Tamilnadu Telecommunications Ltd.,13.38,61,59247,
Kanani Industries Ltd.,3.05,60,850634,
Atal Realtech Ltd.,7.88,58,151711,
Vineet Laboratories Ltd.,63.2,58,128777,
Laxmi Cotspin Ltd.,33.52,57,151554,
ABM International Ltd.,60.05,56,313,
STL Global Ltd.,20.4,56,114597,
Nakoda Group Of Industries Ltd.,38.82,54,48940,
Sagardeep Alloys Ltd.,31.52,54,29168,
Pearl Polymers Ltd.,31.46,53,10334,
Adroit Infotech Ltd.,17.75,53,35399,
Cyber Media (India) Ltd.,33.51,53,464219,
Archidply Decor Ltd.,93.36,52,6475,
Sumeet Industries Ltd.,4.99,52,151250,
Ashoka Metcast Ltd.,20.02,50,72802,
Super Spinning Mills Ltd.,9.09,50,99157,
TGB Banquets and Hotels Ltd.,17.03,50,289177,
Binani Industries Ltd.,15.9,50,38734,
ICDS Ltd.,38.25,50,6,
Next Mediaworks Ltd.,7.41,50,103124,
Supreme Engineering Ltd.,1.97,49,318036,
Shrenik Ltd.,0.78,48,884742,
Future Lifestyle Fashions Ltd.,2.33,47,54220,
Khandwala Securities Ltd.,30.81,47,52416,
Libas Consumer Products Ltd.,17.64,46,94895,
Uniinfo Telecom Services Ltd.,42.88,46,120854,
Tijaria Polypipes Ltd.,15.98,46,1570,
Morarjee Textiles Ltd.,12.57,46,120474,
Ambica Agarbathies & Aroma Industries Ltd.,26.23,45,69906,
Shree Ram Proteins Ltd.,1.04,45,492149,
ARSS Infrastructure Projects Ltd.,19.58,45,28487,
Sanginita Chemicals Ltd.,17.04,44,73434,
Techindia Nirman Ltd.,30.09,43,4422,
Madhav Marbles & Granites Ltd.,48.07,43,14508,
Khaitan (India) Ltd.,88.13,42,41822,
Suumaya Industries Ltd.,5.88,40,132162,
Williamson Magor & Company Ltd.,35.97,39,34365,
Sri Havisha Hospitality and Infrastructure Ltd.,2.51,39,88883,
Mohit Industries Ltd.,27.21,39,16449,
Ace Integrated Solutions Ltd.,36.81,38,28974,
Future Market Networks Ltd.,6.51,37,69389,
TECIL Chemicals & Hydro Power Ltd.,19.33,37,1132,
Avonmore Capital & Management Services Ltd.,15.56,36,321484,
Future Enterprises Ltd.,0.78,35,1003646,
N K Industries Ltd.,58.88,35,1497,
Blue Chip India Ltd.,6.25,35,424698,
Nagreeka Capital & Infrastructure Ltd.,26.5,33,4030,
Kaushalya Infrastructure Development Corpn.Ltd.,965,33,145,
Oriental Trimex Ltd.,11.13,33,243660,
Impex Ferro Tech Ltd.,3.64,32,79509,
TV Vision Ltd.,8.25,32,28855,
JHS Svendgaard Retail Ventures Ltd.,49.1,32,11092,
Visagar Polytex Ltd.,1.04,30,347624,
Viji Finance Ltd.,2.13,30,113960,
Winsome Yarns Ltd.,4.28,30,117188,
Gujarat Raffia Industries Ltd.,55.14,30,72134,
Sanwaria Consumer Ltd.,0.39,29,509181,
Narmada Agrobase Ltd.,21.01,28,5566,
Compuage Infocom Ltd.,3.26,28,26061,
SecUR Credentials Ltd.,6.69,27,307161,
Heads UP Ventures Ltd.,12.19,27,57305,
Tarapur Transformers Ltd.,13.57,26,114136,
California Software Company Ltd.,16.98,26,15426,
MT Educare Ltd.,3.44,25,66446,
Antarctica Ltd.,1.56,24,3036258,
Silly Monks Entertainment Ltd.,23.54,24,69976,
Onelife Capital Advisors Ltd.,17.31,23,18112,
Usha Martin Education & Solutions Ltd.,8.51,22,3630,
Gujarat Lease Financing Ltd.,7.72,21,626,
Shyam Telecom Ltd.,18.35,21,27395,
TCI Finance Ltd.,15.19,20,17066,
Lypsa Gems & Jewellery Ltd.,6.01,18,36932,
Shanti Overseas (India) Ltd.,15.93,18,2113,
Rajdarshan Industries Ltd.,54.84,17,24546,
Ortin Laboratories Ltd.,20.78,17,50470,
Neueon Towers Ltd.,2.8,16,22749,
Norben Tea & Exports Ltd.,12.65,15,3147,
Sri Adhikari Brothers Television Network Ltd.,389.7,15,2,
Eurotex Industries & Exports Ltd.,15.25,13,24810,
Alps Industries Ltd.,3.37,13,35876,
DCM Financial Services Ltd.,5.88,13,61991,
Creative Eye Ltd.,6.48,13,7728,
Setubandhan Infrastructure Ltd.,0.75,9,29040,
SAB Events & Governance Now Media Ltd.,8.65,9,12053,
Sanco Industries Ltd.,6.85,9,13665,
Ortel Communications Ltd.,1.44,5,8760,
